,Unnamed: 0,Unnamed: 0.1,id,name,screen_name,statuses_count,followers_count,friends_count,favourites_count,listed_count,url,lang,time_zone,location,default_profile,default_profile_image,geo_enabled,profile_image_url,profile_banner_url,profile_use_background_image,profile_background_image_url_https,profile_text_color,profile_image_url_https,profile_sidebar_border_color,profile_background_tile,profile_sidebar_fill_color,profile_background_image_url,profile_background_color,profile_link_color,utc_offset,is_translator,follow_request_sent,protected,verified,notifications,description,contributors_enabled,following,created_at,timestamp,crawled_at,updated,counts,user_type
0,320,320,64987143.0,Fake Taylor S,TaylorSFaklhh,1,62,1489,0,0,,en,,,,,,http://a2.twimg.com/profile_images/359639810/3_normal.jpeg,,,,,,,,,http://s.twimg.com/a/1287010001/images/themes/theme1/bg.png,,,,,,,,,,,,1250067973000L,2009-08-12 11:06:13,2010-11-07 11:10:52,2016-03-14 17:08:08,1,0
1,512,512,72795613.0,Katherine,Katherine9e5b,1,98,411,0,0,http://wowurl.com/13qp,en,,,,,,http://a0.twimg.com/profile_images/406283036/zme__1129__normal.jpg,,,,,,,,,http://s.twimg.com/a/1288305442/images/themes/theme1/bg.png,,,,,,,,,,,,1252481862000L,2009-09-09 09:37:42,2010-11-07 11:10:52,2016-03-14 17:09:04,1,0
2,145,145,53780486.0,Mom3CuteBoys,Mom3CuteBo38991,1,39,285,0,0,,en,,,,,,http://a1.twimg.com/profile_images/298701313/30_normal.jpeg,,,,,,,,,http://s.twimg.com/a/1288305442/images/themes/theme1/bg.png,,,,,,,,,,,,1246747718000L,2009-07-05 00:48:38,2010-11-07 11:10:52,2016-03-14 17:07:17,1,0
3,318,318,64982724.0,Nancy,Nancy84pg,1,119,673,0,2,http://xurl.jp/180a,en,,,,,,http://a0.twimg.com/profile_images/358633404/zzzzzzzzzscenegirl-1045_normal.jpg,,,,,,,,,http://s.twimg.com/a/1288660386/images/themes/theme1/bg.png,,,,,,,,,,,,1250066360000L,2009-08-12 10:39:20,2010-11-07 11:10:52,2016-03-14 17:08:08,1,0
4,463,463,69509049.0,Chelsea,Chelsea9j2k,1,189,606,0,0,http://wowurl.com/175,en,,,,,,http://s.twimg.com/a/1287010001/images/default_profile_1_normal.png,,,,,,,,,http://s.twimg.com/a/1287437169/images/themes/theme1/bg.png,,,,,,,,,,,,1251435453000L,2009-08-28 06:57:33,2010-11-07 11:10:52,2016-03-14 17:08:49,1,0
5,60,60,45497562.0,Amy,Amy71ju,1,157,712,0,1,http://xurl.jp/trr,en,,,,,,http://a3.twimg.com/profile_images/254201679/zscenegirl-1090_normal.jpg,,,,,,,,,http://s.twimg.com/a/1287010001/images/themes/theme1/bg.png,,,,,,,,,,,,1244434377000L,2009-06-08 06:12:57,2010-11-07 11:10:52,2016-03-14 17:06:52,1,0
6,460,460,69504535.0,Katherine,Katherine7q2w,1,177,583,0,1,http://wowurl.com/16r,en,,,,,,http://a1.twimg.com/profile_images/385973401/zzz3__1332__normal.jpg,,,,,,,,,http://s.twimg.com/a/1287010001/images/themes/theme1/bg.png,,,,,,,,,,,,1251433934000L,2009-08-28 06:32:14,2010-11-07 11:10:52,2016-03-14 17:08:48,1,0
7,446,446,69220675.0,Katherine,Katherine6v1r,1,175,589,0,1,http://xurl.jp/yc3a,en,,,,,,http://a1.twimg.com/profile_images/384258089/zzz3__1062__normal.jpg,,,,,,,,,http://s.twimg.com/a/1288374569/images/themes/theme1/bg.png,,,,,,,,,,,,1251354365000L,2009-08-27 08:26:05,2010-11-07 11:10:52,2016-03-14 17:08:44,1,0
8,65,65,46322170.0,Lily,Lily920iu,1,121,656,0,0,http://xurl.jp/hxr,en,,,,,,http://a0.twimg.com/profile_images/258361220/zscenegirl-1318_normal.jpg,,,,,,,,,http://s.twimg.com/a/1288305442/images/themes/theme1/bg.png,,,,,,,,,,,,1244697725000L,2009-06-11 07:22:05,2010-11-07 11:10:52,2016-03-14 17:06:54,1,0
9,427,427,68934868.0,Amy,Amy9v8j,1,215,633,0,0,http://xurl.jp/942a,en,,,,,,http://a3.twimg.com/profile_images/382658651/zzz3__575__normal.jpg,,,,,,,,,http://s.twimg.com/a/1288374569/images/themes/theme1/bg.png,,,,,,,,,,,,1251276528000L,2009-08-26 10:48:48,2010-11-07 11:10:52,2016-03-14 17:08:39,1,0
10,520,520,73047988.0,Sally,Sally2z2d,1,56,496,0,1,http://wowurl.com/13u9,en,,,,,,http://a3.twimg.com/profile_images/407677715/zz3__1003__normal.jpg,,,,,,,,,http://s.twimg.com/a/1287523226/images/themes/theme1/bg.png,,,,,,,,,,,,1252559719000L,2009-09-10 07:15:19,2010-11-07 11:10:52,2016-03-14 17:09:06,1,0
11,411,411,68202161.0,Sophia,Sophia80bn,1,50,222,0,0,,en,,,,,,http://a0.twimg.com/profile_images/377869560/z748_normal.jpg,,,,,,,,,http://s.twimg.com/a/1288470193/images/themes/theme1/bg.png,,,,,,,,,,,,1251051714000L,2009-08-23 20:21:54,2010-11-07 11:10:52,2016-03-14 17:08:34,1,0
12,389,389,67601742.0,Cindy,Cindy70en,1,199,539,0,1,http://xurl.jp/g51a,en,,,,,,http://a2.twimg.com/profile_images/374231470/z3__1683__normal.jpg,,,,,,,,,http://s.twimg.com/a/1288470193/images/themes/theme1/bg.png,,,,,,,,,,,,1250860058000L,2009-08-21 15:07:38,2010-11-07 11:10:52,2016-03-14 17:08:28,1,0
13,370,370,67243343.0,Jessica,Jessica116d,1,97,589,0,0,http://xurl.jp/l01a,en,,,,,,http://s.twimg.com/a/1288305442/images/default_profile_6_normal.png,,,,,,,,,http://s.twimg.com/a/1288305442/images/themes/theme1/bg.png,,,,,,,,,,,,1250748057000L,2009-08-20 08:00:57,2010-11-07 11:10:52,2016-03-14 17:08:22,1,0
14,158,158,53948371.0,Ansherri Scales,anniebaby170025,1,72,745,0,0,,en,,,,,,http://a3.twimg.com/profile_images/300218855/43_normal.jpeg,,,,,,,,,http://s.twimg.com/a/1287010001/images/themes/theme1/bg.png,,,,,,,,,,,,1246812557000L,2009-07-05 18:49:17,2010-11-07 11:10:52,2016-03-14 17:07:21,1,0
15,153,153,53819925.0,Raymond Ward,raysadiplo41136,1,46,317,0,1,,en,,,,,,http://a3.twimg.com/profile_images/298352103/11_normal.jpeg,,,,,,,,,http://s.twimg.com/a/1288305442/images/themes/theme1/bg.png,,,,,,,,,,,,1246761771000L,2009-07-05 04:42:51,2010-11-07 11:10:52,2016-03-14 17:07:19,1,0
16,363,363,66286914.0,Alex Ackerman,zanerpoodl4aa,1,22,758,0,0,,en,,,,,,http://a0.twimg.com/profile_images/370490592/44_normal.jpeg,,,,,,,,,http://s.twimg.com/a/1287010001/images/themes/theme1/bg.png,,,,,,,,,,,,1250487204000L,2009-08-17 07:33:24,2010-11-07 11:10:52,2016-03-14 17:08:20,1,0
17,359,359,66168720.0,Ashley Semila Styles,AshleySemi3em,1,28,786,0,0,,en,,,,,,http://a0.twimg.com/profile_images/370496852/4_normal.jpeg,,,,,,,,,http://s.twimg.com/a/1287010001/images/themes/theme1/bg.png,,,,,,,,,,,,1250448842000L,2009-08-16 20:54:02,2010-11-07 11:10:52,2016-03-14 17:08:19,1,0
18,149,149,53784356.0,Mom3CuteBoys,Mom3CuteBo71550,1,39,300,0,0,,en,,,,,,http://a2.twimg.com/profile_images/298714926/22_normal.jpeg,,,,,,,,,http://s.twimg.com/a/1287774835/images/themes/theme1/bg.png,,,,,,,,,,,,1246749020000L,2009-07-05 01:10:20,2010-11-07 11:10:52,2016-03-14 17:07:18,1,0
19,148,148,53783352.0,IMA REAL INDIVIDUAL,SuaveOnDem50734,1,37,313,0,0,,en,,,,,,http://a2.twimg.com/profile_images/298625138/37_normal.jpeg,,,,,,,,,http://s.twimg.com/a/1288981003/images/themes/theme1/bg.png,,,,,,,,,,,,1246748653000L,2009-07-05 01:04:13,2010-11-07 11:10:52,2016-03-14 17:07:18,1,0
20,147,147,53781542.0,Mom3CuteBoys,Mom3CuteBo27943,1,26,292,0,0,,en,,,,,,http://a2.twimg.com/profile_images/298704046/7_normal.jpeg,,,,,,,,,http://s.twimg.com/a/1288039940/images/themes/theme1/bg.png,,,,,,,,,,,,1246748064000L,2009-07-05 00:54:24,2010-11-07 11:10:52,2016-03-14 17:07:17,1,0
21,397,397,67845596.0,Chelsea,Chelsea07xp,1,176,579,0,3,http://xurl.jp/ld2a,en,,,,,,http://a3.twimg.com/profile_images/375608523/zz3__284__normal.jpg,,,,,,,,,http://s.twimg.com/a/1287774835/images/themes/theme1/bg.png,,,,,,,,,,,,1250928694000L,2009-08-22 10:11:34,2010-11-07 11:10:52,2016-03-14 17:08:30,1,0
22,527,527,73851157.0,Carly,Carly3s9a,1,65,439,0,0,http://wowurl.com/1433,en,,,,,,http://a2.twimg.com/profile_images/415840450/z2__1550__normal.jpg,,,,,,,,,http://s.twimg.com/a/1287010001/images/themes/theme1/bg.png,,,,,,,,,,,,1252834009000L,2009-09-13 11:26:49,2010-11-07 11:10:52,2016-03-14 17:09:08,1,0
23,509,509,72497929.0,Emily,Emily3i7w,1,90,644,0,0,http://wowurl.com/13oz,en,,,,,,http://a3.twimg.com/profile_images/405531419/zzz3__922__normal.jpg,,,,,,,,,http://s.twimg.com/a/1288374569/images/themes/theme1/bg.png,,,,,,,,,,,,1252395029000L,2009-09-08 09:30:29,2010-11-07 11:10:52,2016-03-14 17:09:03,1,0
24,535,535,74394852.0,Chelsea,Chelsea8q3l,1,90,553,0,0,http://wowurl.com/148r,en,,,,,,http://a0.twimg.com/profile_images/421813748/zz2__220__normal.jpg,,,,,,,,,http://s.twimg.com/a/1287523226/images/themes/theme1/bg.png,,,,,,,,,,,,1253000979000L,2009-09-15 09:49:39,2010-11-07 11:10:52,2016-03-14 17:09:11,1,0
25,749,749,98034594.0,JuliannePugh,Pugh_6120,1,41,766,0,0,,en,,,,,,http://s.twimg.com/a/1287523226/images/default_profile_0_normal.png,,,,,,,,,http://s.twimg.com/a/1287523226/images/themes/theme1/bg.png,,,,,,,,,,,,1261278152000L,2009-12-20 04:02:32,2010-11-07 11:10:52,2016-03-14 17:10:12,1,0
26,800,800,102503569.0,WendyMorton,WendyMorton452,1,60,782,0,1,,en,,,,,,http://s.twimg.com/a/1288305442/images/default_profile_0_normal.png,,,,,,,,,http://s.twimg.com/a/1288305442/images/themes/theme1/bg.png,,,,,,,,,,,,1262818039000L,2010-01-06 23:47:19,2010-11-07 11:10:52,2016-03-14 17:10:26,1,0
27,534,534,74389659.0,Katherine,Katherine4u4c,1,108,633,0,1,http://wowurl.com/148b,en,,,,,,http://a3.twimg.com/profile_images/420800879/zz2__177__normal.jpg,,,,,,,,,http://s.twimg.com/a/1288305442/images/themes/theme1/bg.png,,,,,,,,,,,,1252998791000L,2009-09-15 09:13:11,2010-11-07 11:10:52,2016-03-14 17:09:10,1,0
28,180,180,55090967.0,Cally White,callywhitedfe,1,47,1513,0,0,,en,,,,,,http://a3.twimg.com/profile_images/305382719/c_normal_normal.jpg,,,,,,,,,http://s.twimg.com/a/1288305442/images/themes/theme1/bg.png,,,,,,,,,,,,1247101231000L,2009-07-09 03:00:31,2010-11-07 11:10:52,2016-03-14 17:07:27,1,0
29,618,618,81059978.0,Sofie,Sofie6hv8,1,117,571,0,0,http://xurl.jp/gd6a,en,,,,,,http://a2.twimg.com/profile_images/462739246/zzz2__814__normal.jpg,,,,,,,,,http://s.twimg.com/a/1288374569/images/themes/theme1/bg.png,,,,,,,,,,,,1255076098000L,2009-10-09 10:14:58,2010-11-07 11:10:52,2016-03-14 17:09:34,1,0
30,614,614,80737089.0,Sophia,Sophia50nv,1,182,593,0,0,http://urly.at/562,en,,,,,,http://a2.twimg.com/profile_images/458947542/zzz542_normal.jpg,,,,,,,,,http://s.twimg.com/a/1288374569/images/themes/theme1/bg.png,,,,,,,,,,,,1254966679000L,2009-10-08 03:51:19,2010-11-07 11:10:52,2016-03-14 17:09:33,1,0
31,190,190,55162707.0,IthacaWeather,IthacaWeata7h,1,20,759,0,0,,en,,,,,,http://a2.twimg.com/profile_images/307840790/c_normal_normal.jpg,,,,,,,,,http://s.twimg.com/a/1288217225/images/themes/theme1/bg.png,,,,,,,,,,,,1247120648000L,2009-07-09 08:24:08,2010-11-07 11:10:52,2016-03-14 17:07:30,1,0
32,573,573,77163161.0,Christina,Christina7y2c,1,108,634,0,0,http://wowurl.com/14pw,en,,,,,,http://a3.twimg.com/profile_images/435769475/zz01__1551__normal.jpg,,,,,,,,,http://s.twimg.com/a/1287437169/images/themes/theme1/bg.png,,,,,,,,,,,,1253865361000L,2009-09-25 09:56:01,2010-11-07 11:10:52,2016-03-14 17:09:21,1,0
33,564,564,75738114.0,Emily,Emily9r4t,1,153,487,0,0,http://wowurl.com/14jp,en,,,,,,http://a1.twimg.com/profile_images/427525221/zzme__1005__normal.jpg,,,,,,,,,http://s.twimg.com/a/1287774835/images/themes/theme1/bg.png,,,,,,,,,,,,1253429676000L,2009-09-20 08:54:36,2010-11-07 11:10:52,2016-03-14 17:09:19,1,0
34,562,562,75727639.0,Sally,Sally9a9z,1,134,487,0,0,http://wowurl.com/14ig,en,,,,,,http://a1.twimg.com/profile_images/426048593/zzme__885__normal.jpg,,,,,,,,,http://s.twimg.com/a/1288742912/images/themes/theme1/bg.png,,,,,,,,,,,,1253424582000L,2009-09-20 07:29:42,2010-11-07 11:10:52,2016-03-14 17:09:18,1,0
35,555,555,75410583.0,Katherine,Katherine3o7i,1,82,500,0,0,http://wowurl.com/14fa,en,,,,,,http://a0.twimg.com/profile_images/423946600/z01__703__normal.jpg,,,,,,,,,http://s.twimg.com/a/1288374569/images/themes/theme1/bg.png,,,,,,,,,,,,1253314832000L,2009-09-19 01:00:32,2010-11-07 11:10:52,2016-03-14 17:09:16,1,0
36,550,550,75402052.0,Emily,Emily2r5t,1,162,507,0,0,http://wowurl.com/14eq,en,,,,,,http://a2.twimg.com/profile_images/423469574/zzme__670__normal.jpg,,,,,,,,,http://s.twimg.com/a/1287512878/images/themes/theme1/bg.png,,,,,,,,,,,,1253312492000L,2009-09-19 00:21:32,2010-11-07 11:10:52,2016-03-14 17:09:15,1,0
37,543,543,74843444.0,Amy,Amy4p5s,1,150,476,0,1,http://wowurl.com/149v,en,,,,,,http://a1.twimg.com/profile_images/421376013/zzme__534__normal.jpg,,,,,,,,,http://s.twimg.com/a/1288374569/images/themes/theme1/bg.png,,,,,,,,,,,,1253136590000L,2009-09-16 23:29:50,2010-11-07 11:10:52,2016-03-14 17:09:13,1,0
38,571,571,77161645.0,Sally,Sally6e8d,1,95,591,0,0,http://wowurl.com/14pq,en,,,,,,http://a0.twimg.com/profile_images/435441596/zz01__1530__normal.jpg,,,,,,,,,http://s.twimg.com/a/1288742912/images/themes/theme1/bg.png,,,,,,,,,,,,1253864692000L,2009-09-25 09:44:52,2010-11-07 11:10:52,2016-03-14 17:09:21,1,0
39,750,750,98034633.0,LornaColeman,Coleman_1665,1,58,778,0,0,,en,,,,,,http://s.twimg.com/a/1288305442/images/default_profile_4_normal.png,,,,,,,,,http://s.twimg.com/a/1288305442/images/themes/theme1/bg.png,,,,,,,,,,,,1261278165000L,2009-12-20 04:02:45,2010-11-07 11:10:52,2016-03-14 17:10:12,1,0
40,243,243,60430191.0,Mary,Mary77qrn,2,37,321,0,1,http://xurl.jp/koy,en,,,,,,http://a3.twimg.com/profile_images/333826827/zzzzzzzscenegirl-0470_normal.jpg,,,,,,,,,http://s.twimg.com/a/1288305442/images/themes/theme1/bg.png,,,,,,,,,,,,1248652527000L,2009-07-27 01:55:27,2010-11-07 11:10:52,2016-03-14 17:07:46,2,0
41,237,237,59904140.0,Joseane Souza,chiquita_morena,2,160,154,0,1,,en,,S\xe3o Paulo,,,,http://a2.twimg.com/profile_images/330876702/q7lxo00nni5ls51i61mx682895059jrpdk41r8s_grd_normal.jpg,,,,,,,,,http://a3.twimg.com/profile_background_images/25324807/rosas.jpg,,,,,,,,,,,,1248473938000L,2009-07-25 00:18:58,2010-11-07 11:10:52,2016-03-14 17:07:44,2,0
42,234,234,59434448.0,Brittney,Brittney7t7h3,2,53,375,0,0,http://xurl.jp/nhx,en,,,,,,http://a0.twimg.com/profile_images/328172220/zzzzzzscenegirl-1552_normal.jpg,,,,,,,,,http://s.twimg.com/a/1288981003/images/themes/theme1/bg.png,,,,,,,,,,,,1248349310000L,2009-07-23 13:41:50,2010-11-07 11:10:52,2016-03-14 17:07:43,2,0
43,247,247,61142555.0,Emily,Emily5lyh2,2,57,334,0,1,http://xurl.jp/jfz,en,,,,,,http://a2.twimg.com/profile_images/337576990/zzzzzzzscenegirl-1162_normal.jpg,,,,,,,,,http://s.twimg.com/a/1288470193/images/themes/theme1/bg.png,,,,,,,,,,,,1248853456000L,2009-07-29 09:44:16,2010-11-07 11:10:52,2016-03-14 17:07:47,2,0
44,325,325,65018762.0,itsvictoriax,itsvictoricb4,2,47,1441,0,1,,en,,,,,,http://a0.twimg.com/profile_images/359778180/3_normal.jpeg,,,,,,,,,http://s.twimg.com/a/1288039940/images/themes/theme1/bg.png,,,,,,,,,,,,1250079430000L,2009-08-12 14:17:10,2010-11-07 11:10:52,2016-03-14 17:08:09,2,0
45,329,329,65231459.0,Lance Strate,LanceStrat1ka,2,49,1475,0,0,,en,,,,,,http://a0.twimg.com/profile_images/360774600/16_normal.jpeg,,,,,,,,,http://s.twimg.com/a/1287010001/images/themes/theme1/bg.png,,,,,,,,,,,,1250127085000L,2009-08-13 03:31:25,2010-11-07 11:10:52,2016-03-14 17:08:10,2,0
46,327,327,65031866.0,cash_flow capo,TsUnaMii_Cadg,2,60,1445,0,0,,en,,,,,,http://a0.twimg.com/profile_images/359810400/10_normal.jpeg,,,,,,,,,http://s.twimg.com/a/1288742912/images/themes/theme1/bg.png,,,,,,,,,,,,1250083002000L,2009-08-12 15:16:42,2010-11-07 11:10:52,2016-03-14 17:08:10,2,0
47,269,269,62463639.0,Mary,Mary5d01e,2,75,384,0,0,http://xurl.jp/em0a,en,,,,,,http://a1.twimg.com/profile_images/345618457/zzzzzzzzscenegirl-0456_normal.jpg,,,,,,,,,http://s.twimg.com/a/1288039940/images/themes/theme1/bg.png,,,,,,,,,,,,1249285086000L,2009-08-03 09:38:06,2010-11-07 11:10:52,2016-03-14 17:07:53,2,0
48,293,293,64473068.0,philipbroadway,philipbroaeil,2,36,1418,0,0,,en,,,,,,http://a3.twimg.com/profile_images/357315331/1_normal.jpeg,,,,,,,,,http://s.twimg.com/a/1287774835/images/themes/theme1/bg.png,,,,,,,,,,,,1249928592000L,2009-08-10 20:23:12,2010-11-07 11:10:52,2016-03-14 17:08:01,2,0
49,317,317,64973721.0,Samantha Smith,Rudi3CantFh52,2,52,1515,0,1,,en,,,,,,http://a1.twimg.com/profile_images/359399621/19_normal.jpeg,,,,,,,,,http://s.twimg.com/a/1286302838/images/themes/theme1/bg.png,,,,,,,,,,,,1250063127000L,2009-08-12 09:45:27,2010-11-07 11:10:52,2016-03-14 17:08:07,2,0
50,305,305,64653363.0,Edward Asuncion,E_RocktheBg4j,2,43,1388,0,0,,en,,,,,,http://a1.twimg.com/profile_images/357422441/45_normal.jpeg,,,,,,,,,http://s.twimg.com/a/1288217225/images/themes/theme1/bg.png,,,,,,,,,,,,1249975231000L,2009-08-11 09:20:31,2010-11-07 11:10:52,2016-03-14 17:08:04,2,0
51,159,159,53974415.0,lola,kYLE0z,2,49,278,0,0,http://www.effecty.com,en,,USA,,,,http://a1.twimg.com/profile_images/298580273/edy_williams25_normal.jpg,,,,,,,,,http://s.twimg.com/a/1287010001/images/themes/theme1/bg.png,,,,,,,,,waiting for u baby,,,1246819761000L,2009-07-05 20:49:21,2010-11-07 11:10:52,2016-03-14 17:07:21,2,0
52,343,343,65332295.0,ShaQuita,Qui_Bellez8di,2,54,1469,0,1,,en,,,,,,http://a0.twimg.com/profile_images/360870884/45_normal.jpeg,,,,,,,,,http://s.twimg.com/a/1288305442/images/themes/theme1/bg.png,,,,,,,,,,,,1250158449000L,2009-08-13 12:14:09,2010-11-07 11:10:52,2016-03-14 17:08:14,2,0
53,104,104,49659791.0,Cherise Johnson,Terp4Life044505,2,58,1125,0,0,,en,,,,,,http://a1.twimg.com/profile_images/278178129/35_normal.jpeg,,,,,,,,,http://s.twimg.com/a/1288305442/images/themes/theme1/bg.png,,,,,,,,,,,,1245684222000L,2009-06-22 17:23:42,2010-11-07 11:10:52,2016-03-14 17:07:05,2,0
54,351,351,65966240.0,Brittney,Brittney134j,2,62,532,0,0,,en,,,,,,http://s.twimg.com/a/1287010001/images/default_profile_4_normal.png,,,,,,,,,http://s.twimg.com/a/1287010001/images/themes/theme1/bg.png,,,,,,,,,,,,1250366486000L,2009-08-15 22:01:26,2010-11-07 11:10:52,2016-03-14 17:08:17,2,0
55,922,922,106301592.0,thoomas,thothoma_s,2,51,209,0,1,,en,,,,,,http://a1.twimg.com/profile_images/644248249/atgaaaaswq2buq5gpidb-uoncilwg1febxxm5eg2nv8ize2iiz9b0djhuq9i2siyiswkvppltakyxvzv3diwr1j6fjgpajtu9vbx3qtjravgdhgmswlxfms-rkoisa_normal.jpg,,,,,,,,,http://a1.twimg.com/profile_background_images/68374078/sem_t_tulo_1.jpg,,,,,,,,,,,,1263872179000L,2010-01-19 04:36:19,2010-11-07 11:10:52,2016-03-14 17:11:03,2,0
56,921,921,106266080.0,ton,ton_alves,2,10,196,0,0,,en,,,,,,http://a2.twimg.com/profile_images/640622638/ogaaagy2di91bm6vn_hww3bhvcco2eneefam2cxs5ogzm3qglk2dxlt4s_0xrrswcfmzigif4nt83udp1u0hzmje_ksam1t1ulcodggaetbax9zdnpvxunxeew4w_normal.jpg,,,,,,,,,http://s.twimg.com/a/1288305442/images/themes/theme1/bg.png,,,,,,,,,,,,1263862913000L,2010-01-19 02:01:53,2010-11-07 11:10:52,2016-03-14 17:11:03,2,0
57,582,582,78633514.0,mary kaputnik,mary_87,2,125,933,0,0,,en,,,,,,http://a1.twimg.com/profile_images/445053433/4444_1008745118840_1831335892_12118_7487891_n_normal.jpg,,,,,,,,,http://s.twimg.com/a/1288742912/images/themes/theme1/bg.png,,,,,,,,,Just broke up with my boyfriend and looking for new friends.,,,1254325494000L,2009-09-30 17:44:54,2010-11-07 11:10:52,2016-03-14 17:09:24,2,0
58,137,137,52948027.0,Fay Thompson,FayThompsofhc,2,73,1435,0,0,,en,,,,,,http://a0.twimg.com/profile_images/294347776/45_normal.jpeg,,,,,,,,,http://s.twimg.com/a/1287010001/images/themes/theme1/bg.png,,,,,,,,,,,,1246503601000L,2009-07-02 05:00:01,2010-11-07 11:10:52,2016-03-14 17:07:14,2,0
59,489,489,71756159.0,Sally,Sally2h6b,2,178,1007,0,0,http://wowurl.com/13dw,en,,,,,,http://a0.twimg.com/profile_images/402581116/z2__638__normal.jpg,,,,,,,,,http://s.twimg.com/a/1287774835/images/themes/theme1/bg.png,,,,,,,,,,,,1252138242000L,2009-09-05 10:10:42,2010-11-07 11:10:52,2016-03-14 17:08:57,2,0
60,88,88,49196059.0,Ryan Brown,ryandaniel57393,2,106,1510,0,0,,en,,,,,,http://a3.twimg.com/profile_images/274324163/9_normal.jpeg,,,,,,,,,http://s.twimg.com/a/1288305442/images/themes/theme1/bg.png,,,,,,,,,,,,1245550165000L,2009-06-21 04:09:25,2010-11-07 11:10:52,2016-03-14 17:07:01,2,0
61,495,495,71776798.0,Emily,Emily2m7i,2,184,670,0,0,http://wowurl.com/13fb,en,,,,,,http://a3.twimg.com/profile_images/402443887/zme__741__normal.jpg,,,,,,,,,http://s.twimg.com/a/1288305442/images/themes/theme1/bg.png,,,,,,,,,,,,1252147947000L,2009-09-05 12:52:27,2010-11-07 11:10:52,2016-03-14 17:08:59,2,0
62,220,220,57213010.0, moRick Groleau,RickGrolea3957,2,89,1208,0,1,,en,,,,,,http://a3.twimg.com/profile_images/315959619/___11_normal.jpeg,,,,,,,,,http://s.twimg.com/a/1288470193/images/themes/theme1/bg.png,,,,,,,,,,,,1247710526000L,2009-07-16 04:15:26,2010-11-07 11:10:52,2016-03-14 17:07:38,2,0
63,128,128,52025456.0,Lis Rock Photo,LisRockPho20118,2,120,1485,0,1,,en,,,,,,http://a1.twimg.com/profile_images/290367689/9_normal.jpeg,,,,,,,,,http://s.twimg.com/a/1287774835/images/themes/theme1/bg.png,,,,,,,,,,,,1246273690000L,2009-06-29 13:08:10,2010-11-07 11:10:52,2016-03-14 17:07:12,2,0
64,109,109,49949709.0,Kimberly Reep,moccabutte8713,2,75,715,0,0,,en,,,,,,http://a1.twimg.com/profile_images/280075177/9_normal.jpeg,,,,,,,,,http://s.twimg.com/a/1287010001/images/themes/theme1/bg.png,,,,,,,,,,,,1245756245000L,2009-06-23 13:24:05,2010-11-07 11:10:52,2016-03-14 17:07:07,2,0
65,124,124,51892953.0,Brittany Garrott,fabulousmi19245,3,70,679,0,1,,en,,,,,,http://a3.twimg.com/profile_images/290360755/17_normal.jpeg,,,,,,,,,http://s.twimg.com/a/1288217225/images/themes/theme1/bg.png,,,,,,,,,,,,1246234563000L,2009-06-29 02:16:03,2010-11-07 11:10:52,2016-03-14 17:07:11,3,0
66,258,258,61990631.0,Heather,Heather6yji5,3,47,296,0,0,http://xurl.jp/jh0a,en,,,,,,http://a1.twimg.com/profile_images/342638173/zzzzzzzscenegirl-1977_normal.jpg,,,,,,,,,http://s.twimg.com/a/1287010001/images/themes/theme1/bg.png,,,,,,,,,,,,1249113185000L,2009-08-01 09:53:05,2010-11-07 11:10:52,2016-03-14 17:07:50,3,0
67,268,268,62463631.0,Jessica,Jessica3ou1t,3,46,322,0,1,http://xurl.jp/em0a,en,,,,,,http://a2.twimg.com/profile_images/345617610/zzzzzzzzscenegirl-0455_normal.jpg,,,,,,,,,http://s.twimg.com/a/1288374569/images/themes/theme1/bg.png,,,,,,,,,,,,1249285083000L,2009-08-03 09:38:03,2010-11-07 11:10:52,2016-03-14 17:07:53,3,0
68,275,275,63074400.0,Cristina,Cristina6xora,3,98,688,0,0,http://xurl.jp/rs0a,en,,,,,,http://a3.twimg.com/profile_images/349333063/zzzzzzzzscenegirl-1064_normal.jpg,,,,,,,,,http://s.twimg.com/a/1287010001/images/themes/theme1/bg.png,,,,,,,,,,,,1249460958000L,2009-08-05 10:29:18,2010-11-07 11:10:52,2016-03-14 17:07:55,3,0
69,294,294,64489557.0,Kimberly Carrera,kimmyaweso8a9,3,68,1485,0,1,,en,,,,,,http://a1.twimg.com/profile_images/358225849/11_normal.jpeg,,,,,,,,,http://s.twimg.com/a/1287010001/images/themes/theme1/bg.png,,,,,,,,,,,,1249932477000L,2009-08-10 21:27:57,2010-11-07 11:10:52,2016-03-14 17:08:01,3,0
70,339,339,65300197.0,ShaQuita,Qui_Bellez9mm,3,54,1476,0,0,,en,,,,,,http://a0.twimg.com/profile_images/360965820/imagem_bigger_normal.jpg,,,,,,,,,http://s.twimg.com/a/1287010001/images/themes/theme1/bg.png,,,,,,,,,,,,1250146255000L,2009-08-13 08:50:55,2010-11-07 11:10:52,2016-03-14 17:08:13,3,0
71,102,102,49549560.0,Apox,Despondenc20109,3,64,1768,0,1,,en,,,,,,http://s.twimg.com/a/1287010001/images/default_profile_4_normal.png,,,,,,,,,http://s.twimg.com/a/1287010001/images/themes/theme1/bg.png,,,,,,,,,,,,1245649404000L,2009-06-22 07:43:24,2010-11-07 11:10:52,2016-03-14 17:07:05,3,0
72,335,335,65273246.0,cash_flow capo,TsUnaMii_C7jf,3,57,1411,0,0,,en,,,,,,http://a2.twimg.com/profile_images/361628934/17_bigger_normal.jpg,,,,,,,,,http://s.twimg.com/a/1287010001/images/themes/theme1/bg.png,,,,,,,,,,,,1250137449000L,2009-08-13 06:24:09,2010-11-07 11:10:52,2016-03-14 17:08:12,3,0
73,334,334,65268327.0,The True Football,thetruefoogih,3,51,1497,0,0,,en,,,,,,http://a0.twimg.com/profile_images/361604868/imagem_bigger_normal.jpg,,,,,,,,,http://s.twimg.com/a/1288137272/images/themes/theme1/bg.png,,,,,,,,,,,,1250136055000L,2009-08-13 06:00:55,2010-11-07 11:10:52,2016-03-14 17:08:12,3,0
74,333,333,65258782.0,cash_flow capo,TsUnaMii_Cff5,3,44,1422,0,3,,en,,,,,,http://a3.twimg.com/profile_images/361518619/30_normal.jpeg,,,,,,,,,http://s.twimg.com/a/1288374569/images/themes/theme1/bg.png,,,,,,,,,,,,1250133612000L,2009-08-13 05:20:12,2010-11-07 11:10:52,2016-03-14 17:08:12,3,0
75,72,72,47731919.0,Edwin Dion,TurboMachine,3,1344,1577,0,2,http://www.turbocashgenerator.com/?hop=alivemaxx,en,,USA,,,,http://a1.twimg.com/profile_images/265956081/attractionmarketingformula_normal.jpg,,,,,,,,,http://a3.twimg.com/profile_background_images/18401487/topt.jpg,,,,,,,,,Using The Power Of Twitter And This Plug-And-Play Software You Have An Automated Money Machine That Can't Stop Sending You Cash...Even If You Want It To! ,,,1245183188000L,2009-06-16 22:13:08,2010-11-07 11:10:52,2016-03-14 17:06:56,3,0
76,160,160,53978783.0,lola,arvsTg,4,241,1643,0,3,http://www.30hours.com,en,,USA,,,,http://s.twimg.com/a/1288292071/images/default_profile_5_normal.png,,,,,,,,,http://s.twimg.com/a/1288305442/images/themes/theme1/bg.png,,,,,,,,,waiting for u baby,,,1246820977000L,2009-07-05 21:09:37,2010-11-07 11:10:52,2016-03-14 17:07:21,4,0
77,279,279,63579810.0,Fiona Bradshaw,fioredsox253,4,11,173,0,0,,en,,,,,,http://a1.twimg.com/profile_images/642740125/8ca137da54011ed7d13cdec4cc2a6340_normal.jpg,,,,,,,,,http://s.twimg.com/a/1288374569/images/themes/theme1/bg.png,,,,,,,,,,,,1249603487000L,2009-08-07 02:04:47,2010-11-07 11:10:52,2016-03-14 17:07:57,4,0
78,298,298,64631194.0,Baylee McIntosh,bayfunnie636,5,35,365,0,0,,en,,,,,,http://a0.twimg.com/profile_images/599452664/883460_normal.jpg,,,,,,,,,http://s.twimg.com/a/1287437169/images/themes/theme7/bg.gif,,,,,,,,,,,,1249966888000L,2009-08-11 07:01:28,2010-11-07 11:10:52,2016-03-14 17:08:02,5,0
79,77,77,48385665.0,Jessica Duncan Yuri,JessicaDuncan83,5,415,527,0,0,,en,,Tehran,,,,http://a3.twimg.com/profile_images/269262763/yuri_normal.jpg,,,,,,,,,http://a1.twimg.com/profile_background_images/18696480/1256.jpg,,,,,,,,,Yuri Anime,,,1245339356000L,2009-06-18 17:35:56,2010-11-07 11:10:52,2016-03-14 17:06:58,5,0
80,288,288,64293872.0,Valarie Thorn,stompyourf773,5,41,1435,0,0,,en,,,,,,http://a0.twimg.com/profile_images/357874576/24_normal.jpeg,,,,,,,,,http://s.twimg.com/a/1287010001/images/themes/theme1/bg.png,,,,,,,,,,,,1249864493000L,2009-08-10 02:34:53,2010-11-07 11:10:52,2016-03-14 17:07:59,5,0
81,648,648,84562398.0,J\xf4 Lingerie,JoLingerie,6,244,868,0,2,,en,,,,,,http://a2.twimg.com/profile_images/620059374/catalago__5__normal.jpg,,,,,,,,,http://a1.twimg.com/profile_background_images/65342870/catalago__36_.jpg,,,,,,,,,J\xf4 Lingerie e Acess\xf3rios \r\nNextel : 013-78069269\r\nID: 85*23350\r\nTel.:013-33215037\r\nCel.: 013-97571018 ,,,1256296192000L,2009-10-23 13:09:52,2010-11-07 11:10:52,2016-03-14 17:09:43,6,0
82,763,763,99323986.0,Jacinto Espinal,jacintoesp,6,687,1819,0,6,http://kl.am/5s91,en,,Colombia,,,,http://a0.twimg.com/profile_images/592040172/imagesfaa_normal.jpeg,,,,,,,,,http://s.twimg.com/a/1288726349/images/themes/theme1/bg.png,,,,,,,,,MLM and Network Marketing.\r\nVisite mi sitio web: COMO RECUPERAR A Una Novia\r\n,,,1261760854000L,2009-12-25 18:07:34,2010-11-07 11:10:52,2016-03-14 17:10:16,6,0
83,48,48,41678763.0,Stream Inbetweeners,_inbetweeners_,6,1081,561,0,9,http://www.theinbetweeners.co.uk,en,,,,,,http://a1.twimg.com/profile_images/227150853/post-1218800-1209706419_normal.jpg,,,,,,,,,http://s.twimg.com/a/1288374569/images/themes/theme1/bg.png,,,,,,,,,The only website dedicated to streaming The Inbetweeners for FREE!!!!!!!,,,1242940230000L,2009-05-21 23:10:30,2010-11-07 11:10:52,2016-03-14 17:06:49,6,0
84,636,636,83111557.0,Hailey McDougall,jay1L53,8,61,542,0,1,,en,,,,,,http://a2.twimg.com/profile_images/602373726/528822_normal.jpg,,,,,,,,,http://s.twimg.com/a/1288733636/images/themes/theme7/bg.gif,,,,,,,,,,,,1255778629000L,2009-10-17 13:23:49,2010-11-07 11:10:52,2016-03-14 17:09:39,8,0
85,226,226,57397725.0,Nelson ,4Xcurrencymeter,8,122,351,0,0,http://www.currencymeter.com/,en,,,,,,http://a2.twimg.com/profile_images/316913394/forexpic_normal.jpg,,,,,,,,,http://s.twimg.com/a/1288305442/images/themes/theme1/bg.png,,,,,,,,,I know the forex secret. I'm just waiting for the right opportunity.,,,1247766954000L,2009-07-16 19:55:54,2010-11-07 11:10:52,2016-03-14 17:07:41,8,0
86,354,354,66013875.0,S H Marketeers,SHMarketeers,8,1961,1943,0,20,,en,,USA,,,,http://a3.twimg.com/profile_images/438397391/statue_paris_2_three_musketeers_009_fin_normal.jpg,,,,,,,,,http://a1.twimg.com/profile_background_images/40358208/bg_back-023_gold_indented.gif,,,,,,,,,Premiering our website in 2010. Enjoy our Pre-Launch Twitter tips here.,,,1250383255000L,2009-08-16 02:40:55,2010-11-07 11:10:52,2016-03-14 17:08:17,8,0
87,971,971,110252599.0,PCOS Women,PCOS_Women,8,133,11,0,10,http://www.pcoswomen.com,en,,England,,,,http://a3.twimg.com/profile_images/668088963/apple-touch-icon_normal.png,,,,,,,,,http://a3.twimg.com/profile_background_images/71462105/pretty_bg.png,,,,,,,,,Official twitter account for ladies who are suffering with Polycystic Ovary Syndrome,,,1264977136000L,2010-01-31 23:32:16,2010-11-07 11:10:52,2016-03-14 17:11:17,8,0
88,760,760,98888058.0,Aiden Johnson  ,aidensitbiz,8,920,1895,0,13,http://kl.am/5p2m,en,,Network Marketing  ,,,,http://a2.twimg.com/profile_images/588951930/imagesufd_normal.jpeg,,,,,,,,,http://s.twimg.com/a/1288374569/images/themes/theme1/bg.png,,,,,,,,,"Working from home using PPC and Email Marketing.\r\nPls visit my Website: SOLO AD Submitter to 1,450,000 ",,,1261577575000L,2009-12-23 15:12:55,2010-11-07 11:10:52,2016-03-14 17:10:15,8,0
89,998,998,117320084.0,Milla Batrey,HottMusicNews,8,3534,3901,0,82,,en,,,,,,http://a1.twimg.com/profile_images/721943757/newmusic_lrg_normal.jpg,,,,,,,,,http://a3.twimg.com/profile_background_images/79462425/mqtechnoweb.br.jpg,,,,,,,,,Experienced music reporter and archiver.  Bringing you the latest music news and exclusive tracks.,,,1267078126000L,2010-02-25 07:08:46,2010-11-07 11:10:52,2016-03-14 17:11:26,8,0
90,997,997,117318786.0,Aaron Kershaw,MedHealthToday,9,4670,4717,0,51,,en,,Los Angeles,,,,http://a0.twimg.com/profile_images/719008776/us_cities_health_care1_normal.jpg,,,,,,,,,http://a3.twimg.com/profile_background_images/79469049/mqredwash.br.jpg,,,,,,,,,Bringing you the information about recent medical breakthroughs and medical advise.,,,1267077720000L,2010-02-25 07:02:00,2010-11-07 11:10:52,2016-03-14 17:11:25,9,0
91,10,10,17976561.0,Scott Parker,ScotParker,9,1406,1797,0,1,,en,,"West Palm Beach, Florida",,,,http://a1.twimg.com/profile_images/76577885/jsp_1__normal.jpg,,,,,,,,,http://s.twimg.com/a/1288374569/images/themes/theme6/bg.gif,,,,,,,,,"Online entrepreneur, loving husband,proud father, gaming addict",,,1228777401000L,2008-12-09 00:03:21,2010-11-07 11:10:52,2016-03-14 17:05:56,9,0
92,17,17,22597402.0,Modeling_Agency,Modeling_Agency,10,6727,7518,0,20,http://www.modelingagency.co.uk/,en,,London,,,,http://s.twimg.com/a/1288470193/images/default_profile_2_normal.png,,,,,,,,,http://s.twimg.com/a/1288470193/images/themes/theme1/bg.png,,,,,,,,,Welcome to the official http://www.modelingagency.co.uk/ twitter,,,1236064330000L,2009-03-03 08:12:10,2010-11-07 11:10:52,2016-03-14 17:05:58,10,0
93,12,12,19435878.0,Paul Atkinson,00brien,10,753,837,0,3,http://00brien.com,en,,Lincolnshire,,,,http://a0.twimg.com/profile_images/262785952/image_00190_normal.jpg,,,,,,,,,http://a3.twimg.com/profile_background_images/29970229/00slideshow0011nikon.jpg,,,,,,,,,"I have been researching a British Spies life for a few years. My site tells his story. His name's ffrench, Conrad ffrench. ",,,1232785000000L,2009-01-24 09:16:40,2010-11-07 11:10:52,2016-03-14 17:05:57,10,0
94,762,762,99073918.0,Daniel Warren,dig4cash,11,1096,1880,0,2,http://kl.am/5qtn,en,,email marketing,,,,http://a1.twimg.com/profile_images/590187453/imagesuyt_normal.jpeg,,,,,,,,,http://s.twimg.com/a/1288726349/images/themes/theme1/bg.png,,,,,,,,,"Online Marketing focusing on SEO, Adwords PPC and email marketing.\r\nPlease visit my Web Page: SOLO ADS to 1,450,000 Contacts",,,1261648085000L,2009-12-24 10:48:05,2010-11-07 11:10:52,2016-03-14 17:10:15,11,0
95,24,24,28587018.0,Nancy,nancyc197,12,100,116,0,0,,en,,Qu\xe9bec (Canada),,,,http://a0.twimg.com/profile_images/256616316/web_opportunities_1_mod1_normal.jpg,,,,,,,,,http://a3.twimg.com/profile_background_images/14511741/twitbg1wv4j4.jpg,,,,,,,,,,,,1238773090000L,2009-04-03 17:38:10,2010-11-07 11:10:52,2016-03-14 17:06:01,12,0
96,926,926,106409051.0,Tom,catadscocc,12,132,551,0,0,http://catads.co.cc,en,,,,,,http://a0.twimg.com/profile_images/641585004/favi_normal.gif,,,,,,,,,http://s.twimg.com/a/1288374569/images/themes/theme1/bg.png,,,,,,,,,,,,1263907550000L,2010-01-19 14:25:50,2010-11-07 11:10:52,2016-03-14 17:11:04,12,0
97,741,741,97534341.0,Matheus Eq-Scf,matheusscf,12,266,833,0,0,,en,,,,,,http://s.twimg.com/a/1288039940/images/default_profile_2_normal.png,,,,,,,,,http://s.twimg.com/a/1288039940/images/themes/theme1/bg.png,,,,,,,,,,,,1261087100000L,2009-12-17 22:58:20,2010-11-07 11:10:52,2016-03-14 17:10:09,12,0
98,858,858,104206746.0,Master Know,masterknow,13,659,1055,0,3,http://www.masterknow.com.br,en,,SP - Brasil,,,,http://s.twimg.com/a/1288305442/images/default_profile_0_normal.png,,,,,,,,,http://s.twimg.com/a/1288305442/images/themes/theme15/bg.png,,,,,,,,,"Portal para desenvolvedores, designers e outros",,,1263314056000L,2010-01-12 17:34:16,2010-11-07 11:10:52,2016-03-14 17:10:44,13,0
99,477,477,70888376.0,stuart cameron,stuenix,14,316,990,0,0,http://kickassmoves.net,en,,,,,,http://s.twimg.com/a/1288039940/images/default_profile_6_normal.png,,,,,,,,,http://s.twimg.com/a/1288039940/images/themes/theme1/bg.png,,,,,,,,,"hey, like gaming? go to http://nerdrage.sc-gaming.net/main.php or do u want some quick self defence lessons online? go to http://kickassmoves.net",,,1251868100000L,2009-09-02 07:08:20,2010-11-07 11:10:52,2016-03-14 17:08:54,14,0
100,71,71,47678112.0,\u25ba Newbie Earn Online,howtoearnonline,14,4213,4710,0,32,http://bit.ly/c11bp,en,,"India, Mumbai",,,,http://a2.twimg.com/profile_images/265693830/kat_normal.jpg,,,,,,,,,http://s.twimg.com/a/1288470193/images/themes/theme1/bg.png,,,,,,,,,"Learn how to earn online for beginners / newbie Earn today. Now, beginners earn money Online today, Learn how to make money for beginners. Its newbie money.",,,1245172143000L,2009-06-16 19:09:03,2010-11-07 11:10:52,2016-03-14 17:06:56,14,0
101,985,985,114079307.0,|FC| Jonathan Correa,fc_johncorrea,14,320,853,0,4,,en,,,,,,http://a0.twimg.com/profile_images/694387104/1242271852101_f_normal.jpg,,,,,,,,,http://a1.twimg.com/profile_background_images/75062162/solteiro002.png,,,,,,,,,,,,1266113745000L,2010-02-14 03:15:45,2010-11-07 11:10:52,2016-03-14 17:11:22,14,0
102,814,814,102992816.0,Twittes Girl & Boy ,twittesgirlboy,15,275,1151,0,2,,en,,,,,,http://a0.twimg.com/profile_images/618120652/ogaaab9spwk1cpvpsyyalhy_jr-c3lc8lqi7cixn8licvosoyjkijx4hu6brbd1bxrdsmxrfzrgvl8p2sjas4v0g3pmam1t1umvxdky-uk8wi1ypnvmms-ockbqm_normal.jpg,,,,,,,,,http://a3.twimg.com/profile_background_images/65102373/ogaaahnyuik4dbeu0sna_w66bprk0ptx1kqvbyjcwfwa7_wv5i2yz_5x4rtbg6r-paetta-rhp27igf7jjytudjnb5qam1t1ubsltgnnzz37fbip4wo304nw6684.jpg,,,,,,,,,,,,1262960031000L,2010-01-08 15:13:51,2010-11-07 11:10:52,2016-03-14 17:10:30,15,0
103,932,932,106729702.0,Nycole,Nycole_cibely,15,169,697,0,2,,en,,,,,,http://a0.twimg.com/profile_images/643778980/ogaaalwouosirrj1cavijltwtrdwqq1es3s8xptttvehnucklmz6bp5m-ymgvhz9ilcl3iwjjsqtn0xp1q3mjze_ltcam1t1ulzu9xjzms-9glahdrohy1jn2rwm_normal.jpg,,,,,,,,,http://a1.twimg.com/profile_background_images/68299688/ogaaaecxvf061axrb3s-fedkl-miznipcxheevpo5wbwoxr56gdlvusgzchjvglx70pifdkfdtppysz9mdbt946pldaam1t1umebwitdn59oyk50jo55fbx9eq9p.jpg,,,,,,,,,Follow-me,,,1263997719000L,2010-01-20 15:28:39,2010-11-07 11:10:52,2016-03-14 17:11:06,15,0
104,355,355,66026046.0,TwitosphericsAcademy,Twitospherics,16,3305,3294,0,30,,en,,,,,,http://a1.twimg.com/profile_images/1158669829/twitospherics-icon_normal.jpg,,,,,,,,,http://a3.twimg.com/profile_background_images/40864271/twitospherics_-_002_a.jpg,,,,,,,,,"Twitospherics: Study of Twitter, Twitter Dynamics, Twitter History; Twitospherics Academy: Online Microtutorials to make Twitter Life easier; Twitter sharing ",,,1250387621000L,2009-08-16 03:53:41,2010-11-07 11:10:52,2016-03-14 17:08:18,16,0
105,964,964,108526831.0,utopialumiere,utopialumiere,16,676,1956,0,13,http://www.utopialumierefilms.com,en,,Santa Monica,,,,http://a1.twimg.com/profile_images/685645621/picture_6_normal.png,,,,,,,,,http://a3.twimg.com/profile_background_images/153733823/adaawe__el_cid-1.jpg,,,,,,,,,From the darkness of human suffering shines a light of hope.,,,1264485948000L,2010-01-26 07:05:48,2010-11-07 11:10:52,2016-03-14 17:11:15,16,0
106,899,899,104964099.0,Gilson,gilsnsn,17,170,847,0,1,,en,,,,,,http://a3.twimg.com/profile_images/631682551/133874819_8136396151_normal.jpg,,,,,,,,,http://s.twimg.com/a/1288374569/images/themes/theme14/bg.gif,,,,,,,,,,,,1263510609000L,2010-01-15 00:10:09,2010-11-07 11:10:52,2016-03-14 17:10:56,17,0
107,308,308,64725115.0,2b beauty,2Bbeauty,17,146,499,0,0,http://www.2bbeauty.net,en,,Dead Sea Israel,,,,http://a0.twimg.com/profile_images/357081116/eilat22s_normal.gif,,,,,,,,,http://s.twimg.com/a/1287010001/images/themes/theme1/bg.png,,,,,,,,,2Bbeauty it's just 4U Top Israeli beauty cosmetics material from dead sea 4 the most sexy girls worldwide,,,1250000415000L,2009-08-11 16:20:15,2010-11-07 11:10:52,2016-03-14 17:08:05,17,0
108,579,579,78130353.0,Katherin T. Ambers,KAt_kat_88,18,454,1949,1,2,,en,,,,,,http://a2.twimg.com/profile_images/447087998/karanew4_normal.jpg,,,,,,,,,http://s.twimg.com/a/1288632582/images/themes/theme1/bg.png,,,,,,,,,,,,1254174188000L,2009-09-28 23:43:08,2010-11-07 11:10:52,2016-03-14 17:09:23,18,0
109,897,897,104954826.0,Matheus,maaatthh,18,205,855,0,0,,en,,,,,,http://s.twimg.com/a/1288137272/images/default_profile_4_normal.png,,,,,,,,,http://s.twimg.com/a/1288137272/images/themes/theme1/bg.png,,,,,,,,,,,,1263508414000L,2010-01-14 23:33:34,2010-11-07 11:10:52,2016-03-14 17:10:56,18,0
110,685,685,88879751.0,Larry Dan Burlington,intoxicute,20,1077,2002,0,2,,en,,Philippines,,,,http://a1.twimg.com/profile_images/519245381/dandn_normal.jpg,,,,,,,,,http://a3.twimg.com/profile_background_images/62612717/danby.jpg,,,,,,,,,,,,1257840181000L,2009-11-10 09:03:01,2010-11-07 11:10:52,2016-03-14 17:09:53,20,0
111,752,752,98070360.0,Chris  Wilson,chrson7,20,1118,1888,0,10,http://kl.am/5kao,en,,World,,,,http://a1.twimg.com/profile_images/583388549/imagessbbb_normal.jpeg,,,,,,,,,http://s.twimg.com/a/1288742912/images/themes/theme1/bg.png,,,,,,,,,"Interested In Working From Home, Business Opps,Marketing Tools. Will be looking for more opportunities to share.My webpage:SOLO ADS  to 1,450,000 Prospects",,,1261292315000L,2009-12-20 07:58:35,2010-11-07 11:10:52,2016-03-14 17:10:12,20,0
112,866,866,104394959.0,thalita ,thalita_says,20,236,950,0,0,,en,,,,,,http://a0.twimg.com/profile_images/628052352/382196_cigarr1colorliten_normal.jpg,,,,,,,,,http://s.twimg.com/a/1288374569/images/themes/theme1/bg.png,,,,,,,,,,,,1263361708000L,2010-01-13 06:48:28,2010-11-07 11:10:52,2016-03-14 17:10:47,20,0
113,644,644,84296691.0,KATIE,SexyHotKatie,23,49,571,0,0,http://urlcut.com/1tlsd,en,,US,,,,http://a2.twimg.com/profile_images/484262042/028_normal.jpg,,,,,,,,,http://a3.twimg.com/profile_background_images/47133571/028.jpg,,,,,,,,,Sexy KATIE,,,1256208650000L,2009-10-22 12:50:50,2010-11-07 11:10:52,2016-03-14 17:09:42,23,0
114,877,877,104692383.0,Thomas Brandson,Tom_Brandson,23,190,761,1,1,,en,,RS,,,,http://a2.twimg.com/profile_images/629958366/thomas_normal.jpg,,,,,,,,,http://a1.twimg.com/profile_background_images/66564996/musica-e-guitarra_3785_1024x768_-_c_pia.jpg,,,,,,,,,,,,1263438236000L,2010-01-14 04:03:56,2010-11-07 11:10:52,2016-03-14 17:10:50,23,0
115,8,8,16671189.0,Iulian Baciu,IulianBaciu,24,915,1633,0,2,http://iulianbaciu.com,en,,Hamilton. Canada,,,,http://a1.twimg.com/profile_images/219412857/iulian_baciu_normal.jpg,,,,,,,,,http://s.twimg.com/a/1287774835/images/themes/theme12/bg.gif,,,,,,,,,"Positive thinking specialist ! SEO, Marketing, Business",,,1223578831000L,2008-10-09 21:00:31,2010-11-07 11:10:52,2016-03-14 17:05:56,24,0
116,698,698,91659548.0,Frederic Vegas,fred94xD,24,749,1970,0,1,,en,,,,,,http://s.twimg.com/a/1288117648/images/default_profile_1_normal.png,,,,,,,,,http://s.twimg.com/a/1288117648/images/themes/theme1/bg.png,,,,,,,,,,,,1258839724000L,2009-11-21 22:42:04,2010-11-07 11:10:52,2016-03-14 17:09:57,24,0
117,647,647,84359256.0,Hillary Applebee,hillaryapplebee,25,1061,1874,0,4,,en,,,,,,http://a3.twimg.com/profile_images/484608371/hillary_applebee_normal.jpg,,,,,,,,,http://s.twimg.com/a/1288470193/images/themes/theme1/bg.png,,,,,,,,,,,,1256227500000L,2009-10-22 18:05:00,2010-11-07 11:10:52,2016-03-14 17:09:42,25,0
118,865,865,104357710.0,fc replace s2,replacers,25,332,1962,0,9,,en,,,,,,http://a1.twimg.com/profile_images/627777985/replace_normal.jpg,,,,,,,,,http://s.twimg.com/a/1288374569/images/themes/theme1/bg.png,,,,,,,,,,,,1263351408000L,2010-01-13 03:56:48,2010-11-07 11:10:52,2016-03-14 17:10:46,25,0
119,940,940,107107162.0,J\xfa M. /Path Mathew,JuMath_PathMath,26,184,802,0,1,,en,,,,,,http://a1.twimg.com/profile_images/646223029/c_pia_de_imagem_054_normal.jpg,,,,,,,,,http://s.twimg.com/a/1288374569/images/themes/theme1/bg.png,,,,,,,,,,,,1264088063000L,2010-01-21 16:34:23,2010-11-07 11:10:52,2016-03-14 17:11:08,26,0
120,944,944,107213299.0,MR_teamo,MariaRita_teamo,28,246,1952,0,3,,en,,,,,,http://a3.twimg.com/profile_images/650014255/z17gecxb_normal.jpg,,,,,,,,,http://a3.twimg.com/profile_background_images/69109963/jjj.jpg,,,,,,,,,,,,1264109697000L,2010-01-21 22:34:57,2010-11-07 11:10:52,2016-03-14 17:11:09,28,0
121,650,650,84636471.0,Lea Breslin,leabreslin,29,1171,1888,0,8,,en,,,,,,http://a0.twimg.com/profile_images/486326672/lea_breslin_normal.jpg,,,,,,,,,http://s.twimg.com/a/1288470193/images/themes/theme1/bg.png,,,,,,,,,,,,1256316863000L,2009-10-23 18:54:23,2010-11-07 11:10:52,2016-03-14 17:09:43,29,0
122,716,716,94445660.0,Beth Travis,bethtravis83,30,1062,1925,0,3,,en,,,,,,http://a1.twimg.com/profile_images/557557293/beth_travis_normal.jpeg,,,,,,,,,http://s.twimg.com/a/1288470193/images/themes/theme1/bg.png,,,,,,,,,,,,1259884812000L,2009-12-04 01:00:12,2010-11-07 11:10:52,2016-03-14 17:10:02,30,0
123,943,943,107210152.0,Luccas_Castilho,luccascastilho,30,883,1961,0,3,,en,,Beverly Hills,,,,http://a0.twimg.com/profile_images/646704708/manekiiin__normal.jpg,,,,,,,,,http://a3.twimg.com/profile_background_images/68685717/money.jpg,,,,,,,,,,,,1264109134000L,2010-01-21 22:25:34,2010-11-07 11:10:52,2016-03-14 17:11:09,30,0
124,61,61,45564759.0,Jos\xe9 Santos,ilovtweets,31,941,1975,0,1,,en,,Coimbra,,,,http://a2.twimg.com/profile_images/319860950/twitter_love_normal.png,,,,,,,,,http://a1.twimg.com/profile_background_images/24981104/twilk_background.jpg,,,,,,,,,"Student, single, I love social networks, glad to tweet with you!",,,1244467925000L,2009-06-08 15:32:05,2010-11-07 11:10:52,2016-03-14 17:06:53,31,0
125,481,481,71222017.0,OpExpert,OpExpert,34,538,1937,0,5,http://www.opexpert.com,en,,India,,,,http://a3.twimg.com/profile_images/455420119/opexpert_icon_normal.jpg,,,,,,,,,http://s.twimg.com/a/1288026948/images/themes/theme1/bg.png,,,,,,,,,OpExpert provides a simple and intuitive monitoring interface with an ability to change views using the built in Content Management System. ,,,1251973663000L,2009-09-03 12:27:43,2010-11-07 11:10:52,2016-03-14 17:08:55,34,0
126,682,682,88105950.0,Veronica Flowers,FortuneDiva,35,460,824,0,2,http://www.fortunediva.com,en,,Radio Station Website Online,,,,http://a3.twimg.com/profile_images/513928727/fortune-diva1_normal.jpg,,,,,,,,,http://s.twimg.com/a/1288374569/images/themes/theme14/bg.gif,,,,,,,,,Online Radio Station Guide,,,1257565642000L,2009-11-07 04:47:22,2010-11-07 11:10:52,2016-03-14 17:09:53,35,0
127,948,948,107249872.0,Black Eyed Peas,fc_BEP,37,324,660,0,3,,en,,,,,,http://a0.twimg.com/profile_images/646951236/black-eyed-peas__normal.jpg,,,,,,,,,http://a1.twimg.com/profile_background_images/68721516/g11714.jpg,,,,,,,,,,,,1264118738000L,2010-01-22 01:05:38,2010-11-07 11:10:52,2016-03-14 17:11:10,37,0
128,691,691,90651624.0,Harry Gainer,harrygainer9,38,1360,1907,0,2,,en,,,,,,http://a0.twimg.com/profile_images/531049720/harry_gainer_normal.jpg,,,,,,,,,http://s.twimg.com/a/1288632582/images/themes/theme1/bg.png,,,,,,,,,,,,1258471786000L,2009-11-17 16:29:46,2010-11-07 11:10:52,2016-03-14 17:09:55,38,0
129,658,658,85889181.0,Steph Cooney,stephcooney23,39,766,1947,0,7,,en,,,,,,http://a3.twimg.com/profile_images/495077875/steph_cooney_normal.jpg,,,,,,,,,http://s.twimg.com/a/1288470193/images/themes/theme1/bg.png,,,,,,,,,,,,1256757486000L,2009-10-28 20:18:06,2010-11-07 11:10:52,2016-03-14 17:09:45,39,0
130,44,44,39674011.0,F. Joseph Tawil,FlightCzar,42,128,263,0,1,http://www.flightczar.com,en,,New York,,,,http://a0.twimg.com/profile_images/209559328/picresized_1235041744_my_pic_1__normal.jpg,,,,,,,,,http://s.twimg.com/a/1288374569/images/themes/theme1/bg.png,,,,,,,,,"Founder and CEO of www.FlightCzar.com, Online Travel Agency",,,1242184121000L,2009-05-13 05:08:41,2010-11-07 11:10:52,2016-03-14 17:06:48,42,0
131,887,887,104873917.0,Audio Impacto,AudioImpacto,43,314,1298,0,0,,en,,,,,,http://a3.twimg.com/profile_images/631104159/audioimpacto_msn_2__normal.jpg,,,,,,,,,http://a1.twimg.com/profile_background_images/66702358/free_twitter_designeaudioooor.jpg,,,,,,,,,\r\nwww.studioimpacto.com ,,,1263490087000L,2010-01-14 18:28:07,2010-11-07 11:10:52,2016-03-14 17:10:52,43,0
132,448,448,69321305.0,Ray Fines,RayFines1,48,685,600,0,3,,en,,,,,,http://a1.twimg.com/profile_images/384479873/ray_fines_normal.jpg,,,,,,,,,http://s.twimg.com/a/1288470193/images/themes/theme1/bg.png,,,,,,,,,,,,1251387402000L,2009-08-27 17:36:42,2010-11-07 11:10:52,2016-03-14 17:08:45,48,0
133,583,583,78920682.0,Tj Lazo,LazoLuck04,55,1345,1925,0,6,,en,,"Chandler, AZ",,,,http://a1.twimg.com/profile_images/446894365/thomas_lazo_copy_normal.jpg,,,,,,,,,http://s.twimg.com/a/1288305442/images/themes/theme1/bg.png,,,,,,,,,I am a member of the Trump Network!  Nonbiz- I will try to write creative things 4 your enjoyment.,,,1254408391000L,2009-10-01 16:46:31,2010-11-07 11:10:52,2016-03-14 17:09:24,55,0
134,976,976,111546382.0,CAMBIEMOS MEXICO,CAMBIEMOSMEX,63,63,75,0,1,,en,,,,,,http://s.twimg.com/a/1288470193/images/default_profile_3_normal.png,,,,,,,,,http://s.twimg.com/a/1288470193/images/themes/theme1/bg.png,,,,,,,,,,,,1265361028000L,2010-02-05 10:10:28,2010-11-07 11:10:52,2016-03-14 17:11:19,63,0
135,206,206,55394519.0,Mya Kevin,MyaoaKevini,65,580,1888,0,0,,en,,US,,,,http://a1.twimg.com/profile_images/306063969/346_normal.jpg,,,,,,,,,http://s.twimg.com/a/1288907344/images/themes/theme7/bg.gif,,,,,,,,,"Designer of stunning, handcrafted wedding ring pillows - to love &amp;amp; to cherish",,,1247180932000L,2009-07-10 01:08:52,2010-11-07 11:10:52,2016-03-14 17:07:35,65,0
136,208,208,55412037.0,Jeff Kaylah,JeffjaKaylahi,65,475,1877,0,1,,en,,US,,,,http://a3.twimg.com/profile_images/306164647/556_normal.jpg,,,,,,,,,http://s.twimg.com/a/1288470193/images/themes/theme8/bg.gif,,,,,,,,,Reference librarian @ Utah State Law Library. Moved from Hong Kong to Walla Walla to D.C. to Seattle to SLC. I hate moving.,,,1247185339000L,2009-07-10 02:22:19,2010-11-07 11:10:52,2016-03-14 17:07:35,65,0
137,11,11,19121759.0,iShopd.com,ishopd,66,888,1183,0,0,,en,,India,,,,http://a1.twimg.com/profile_images/98209225/logo3_normal.jpg,,,,,,,,,http://a3.twimg.com/profile_background_images/7048053/general_google.jpg,,,,,,,,,Online Social Shopping network of India. Help others make better shopping decisions. What are you shopping? ,,,1232222609000L,2009-01-17 21:03:29,2010-11-07 11:10:52,2016-03-14 17:05:57,66,0
138,30,30,31228692.0,Becky Johnson,Itseasy2begreen,68,7407,8149,2,32,http://www.beckyjohnsonblog.com,en,,Oregon,,,,http://a3.twimg.com/profile_images/478140963/pictues_of_me_004_normal.jpg,,,,,,,,,http://s.twimg.com/a/1288374569/images/themes/theme1/bg.png,,,,,,,,,Looking to make the world a little brighter and use earth freindly products that are natural and safe for the environment.,,,1239743800000L,2009-04-14 23:16:40,2010-11-07 11:10:52,2016-03-14 17:06:02,68,0
139,788,788,101964632.0,Follow Me !,__followme,69,626,1856,0,1,,en,,,,,,http://s.twimg.com/a/1288470193/images/default_profile_0_normal.png,,,,,,,,,http://a3.twimg.com/profile_background_images/64222599/plano-de-fundo-abstrato.jpg,,,,,,,,,,,,1262668188000L,2010-01-05 06:09:48,2010-11-07 11:10:52,2016-03-14 17:10:23,69,0
140,21,21,26912227.0,Ralph Wilkison,angrynetworker,70,2745,3095,0,2,http://www.pissedoffnetworkmarketer.com,en,,,,,,http://a2.twimg.com/profile_images/125817346/ralph_bust_small_normal.jpg,,,,,,,,,http://a1.twimg.com/profile_background_images/9352586/untitled1.jpg,,,,,,,,,The pissed off network marketer is building a MLM business from the gound up - follow along,,,1238117014000L,2009-03-27 02:23:34,2010-11-07 11:10:52,2016-03-14 17:05:59,70,0
141,872,872,104541763.0,sean,sean_wilbor,70,535,1988,0,3,,en,,,,,,http://s.twimg.com/a/1287010001/images/default_profile_4_normal.png,,,,,,,,,http://s.twimg.com/a/1287010001/images/themes/theme1/bg.png,,,,,,,,,,,,1263402202000L,2010-01-13 18:03:22,2010-11-07 11:10:52,2016-03-14 17:10:49,70,0
142,927,927,106410103.0,thamiris vilela,thamivilela,70,400,1038,0,1,,en,,,,,,http://a0.twimg.com/profile_images/650620340/545413247574_normal.jpg,,,,,,,,,http://a3.twimg.com/profile_background_images/69185115/cats2113.jpg,,,,,,,,,,,,1263907827000L,2010-01-19 14:30:27,2010-11-07 11:10:52,2016-03-14 17:11:04,70,0
143,133,133,52259836.0,wellington santos,WELL_SS,71,239,647,0,2,,en,,Brasil,,,,http://a3.twimg.com/profile_images/645123091/hip_hop_graffiti_normal.jpg,,,,,,,,,http://a1.twimg.com/profile_background_images/68186722/w50_15.jpg,,,,,,,,,"A good friend, inteligent but not boring, extrovert but not infantile.",,,1246325525000L,2009-06-30 03:32:05,2010-11-07 11:10:52,2016-03-14 17:07:13,71,0
144,175,175,55028106.0,Laisha Maya,LaishauaMayai,72,557,1847,0,0,,en,,US,,,,http://a0.twimg.com/profile_images/304091364/817_normal.jpg,,,,,,,,,http://s.twimg.com/a/1287523226/images/themes/theme9/bg.gif,,,,,,,,,I'm Rianna and my surname is Cruz. Haha.,,,1247086999000L,2009-07-08 23:03:19,2010-11-07 11:10:52,2016-03-14 17:07:26,72,0
145,170,170,54888403.0,Donovan Broderick,DonovannaBrodei,73,437,1818,0,0,,en,,US,,,,http://a3.twimg.com/profile_images/303395163/26_normal.jpg,,,,,,,,,http://s.twimg.com/a/1288305442/images/themes/theme1/bg.png,,,,,,,,,Graphic Designer for the University of Nebraska Medical Center. Director of Programming AIGA Nebraska.,,,1247058268000L,2009-07-08 15:04:28,2010-11-07 11:10:52,2016-03-14 17:07:24,73,0
146,151,151,53808441.0,adrianoc1012,adrianoc1012,74,904,2001,4,4,http://twitter.com/adrianoc1012,en,,NATAL-RN,,,,http://a3.twimg.com/profile_images/340370743/ogaaaanzbh_ii6gzqm1gclnzlqfzyez7tugw0jajoxzgjghxryclbsim1bvkpf9ugxccpp5rvnyjsm9vlvxu4y0xo6wam1t1uf8iodd4f13nkirfrhda1ktcwted_normal.jpg,,,,,,,,,http://a3.twimg.com/profile_background_images/31051553/genipabu.jpg,,,,,,,,,,,,1246757801000L,2009-07-05 03:36:41,2010-11-07 11:10:52,2016-03-14 17:07:18,74,0
147,203,203,55335544.0,Sarahi Tariq,SarahigaTariqi,74,597,1800,0,1,,en,,US,,,,http://a2.twimg.com/profile_images/305741406/745_normal.jpg,,,,,,,,,http://s.twimg.com/a/1288470193/images/themes/theme6/bg.gif,,,,,,,,,I like to touch myself and eat dogs. I don't give a MOTHERFUCK!,,,1247167850000L,2009-07-09 21:30:50,2010-11-07 11:10:52,2016-03-14 17:07:34,74,0
148,172,172,54891461.0,Belen Rigoberto,BelensaRigoberi,74,375,1692,0,0,,en,,US,,,,http://a1.twimg.com/profile_images/303408489/242_normal.jpg,,,,,,,,,http://s.twimg.com/a/1288907344/images/themes/theme5/bg.gif,,,,,,,,,"Music, Singing, Choir, Vocal,Happiness, Love, Compassion, Meditation, Spirituality, Buddhism",,,1247059020000L,2009-07-08 15:17:00,2010-11-07 11:10:52,2016-03-14 17:07:25,74,0
149,187,187,55120214.0,Aria Carolina,AriayaCarolinai,74,466,1838,0,0,,en,,US,,,,http://a3.twimg.com/profile_images/304597023/88_normal.jpg,,,,,,,,,http://s.twimg.com/a/1288822933/images/themes/theme3/bg.gif,,,,,,,,,"Army Girlfriend, College Student, 1950 Chevy 3100 car shower, mommy to a bull terrier named Gunny",,,1247108066000L,2009-07-09 04:54:26,2010-11-07 11:10:52,2016-03-14 17:07:29,74,0
150,214,214,56682712.0,Real Bad Wolf,realbadwolf,75,529,1984,0,3,,en,,Earth,,,,http://a3.twimg.com/profile_images/313058671/wolf-photo_normal.jpg,,,,,,,,,http://s.twimg.com/a/1287774835/images/themes/theme9/bg.gif,,,,,,,,,,,,1247575257000L,2009-07-14 14:40:57,2010-11-07 11:10:52,2016-03-14 17:07:37,75,0
151,715,715,94111019.0,David Warren,Dave_LearnToCut,75,382,1738,0,5,http://www.learntocut.com,en,,"Los Angeles, CA",,,1.0,http://a3.twimg.com/profile_images/555159379/learn3_normal.jpg,,,,,,,,,http://a1.twimg.com/profile_background_images/58873606/learn3.jpg,,,,,,,,,I cut hair and teach anybody how to do it!,,,1259767704000L,2009-12-02 16:28:24,2010-11-07 11:10:52,2016-03-14 17:10:02,75,0
152,184,184,55109583.0,Tiffany Kaydence,TiffanypaKaydei,78,634,1877,0,0,,en,,US,,,,http://a1.twimg.com/profile_images/304535937/102_normal.jpg,,,,,,,,,http://s.twimg.com/a/1288374569/images/themes/theme4/bg.gif,,,,,,,,,pints of guiness make me strong,,,1247105569000L,2009-07-09 04:12:49,2010-11-07 11:10:52,2016-03-14 17:07:28,78,0
153,209,209,55413450.0,Kenneth Ebony,KennethfaEbonyi,78,250,1238,0,0,,en,,US,,,,http://a1.twimg.com/profile_images/306173033/83_normal.jpg,,,,,,,,,http://s.twimg.com/a/1288374569/images/themes/theme2/bg.gif,,,,,,,,,"I am an official stay at home mom who wasn't cut out for the job. I design websites on the side, though my full time gig is two wiley gals.  I have a lot to s",,,1247185694000L,2009-07-10 02:28:14,2010-11-07 11:10:52,2016-03-14 17:07:36,78,0
154,66,66,46408524.0,Make Money Secret,makemoneysecret,79,6340,6541,0,34,http://www.xfactoraffiliates.com,en,,USA,,,,http://a0.twimg.com/profile_images/263249204/britney-spears_1__normal.jpg,,,,,,,,,http://s.twimg.com/a/1288137272/images/themes/theme1/bg.png,,,,,,,,,Internet Marketing Pro. Social Media Evangelist. Travel Lover. Money Making Lover. Best Buddy for All.,,,1244733489000L,2009-06-11 17:18:09,2010-11-07 11:10:52,2016-03-14 17:06:54,79,0
155,182,182,55094271.0,Sylvia Gwendolyn,SylviaxaGwendoi,80,383,1507,0,0,,en,,US,,,,http://a1.twimg.com/profile_images/304448149/250_normal.jpg,,,,,,,,,http://s.twimg.com/a/1288374569/images/themes/theme2/bg.gif,,,,,,,,,Part time model working to expand.,,,1247102049000L,2009-07-09 03:14:09,2010-11-07 11:10:52,2016-03-14 17:07:28,80,0
156,179,179,55085362.0,Laura Roderick,LaurapaRoderici,80,534,1840,0,0,,en,,US,,,,http://a2.twimg.com/profile_images/304401010/274_normal.jpg,,,,,,,,,http://s.twimg.com/a/1288374569/images/themes/theme5/bg.gif,,,,,,,,,BlingQueenFashionz.com is the ultimate destination for all your accessorizing needs.,,,1247099805000L,2009-07-09 02:36:45,2010-11-07 11:10:52,2016-03-14 17:07:27,80,0
157,196,196,55221873.0,Meadow Allyson,MeadowjaAllysoi,80,390,1715,0,0,,en,,US,,,,http://a1.twimg.com/profile_images/305155377/240_normal.jpg,,,,,,,,,http://s.twimg.com/a/1288470193/images/themes/theme6/bg.gif,,,,,,,,,"Blue jean baby, L.A. lady, seamstress for the band... Pretty eyed, pirate smile, you'll marry a music man",,,1247142875000L,2009-07-09 14:34:35,2010-11-07 11:10:52,2016-03-14 17:07:32,80,0
158,197,197,55243788.0,Mikayla Dylan,MikaylacaDylani,80,578,1870,0,1,,en,,US,,,,http://a1.twimg.com/profile_images/305257369/28_normal.jpg,,,,,,,,,http://s.twimg.com/a/1288374569/images/themes/theme6/bg.gif,,,,,,,,,"I heart Kansas City, advertising and wine.",,,1247148293000L,2009-07-09 16:04:53,2010-11-07 11:10:52,2016-03-14 17:07:32,80,0
159,776,776,100989984.0,Tweetn Money,tweetnmoney4u,81,912,1174,0,3,http://budurl.com/tweetnmoney4u,en,,Michigan,,,,http://a2.twimg.com/profile_images/616193330/debt_to_income_normal.jpg,,,,,,,,,http://a1.twimg.com/profile_background_images/64867356/street_signs.jpg,,,,,,,,,Working with like minded people to help them make money and increase their wealth by using Twitter,,,1262357323000L,2010-01-01 15:48:43,2010-11-07 11:10:52,2016-03-14 17:10:19,81,0
160,202,202,55332860.0,Johnny Skylar,JohnnyiaSkylari,83,362,1670,0,0,,en,,US,,,,http://a1.twimg.com/profile_images/305726553/473_normal.jpg,,,,,,,,,http://s.twimg.com/a/1287774835/images/themes/theme7/bg.gif,,,,,,,,,Harlem born... African child... Enlightening the world one person at a time. Afrique Je T'aime!,,,1247167271000L,2009-07-09 21:21:11,2010-11-07 11:10:52,2016-03-14 17:07:33,83,0
161,173,173,54909007.0,Simeon Ashly,SimeonfaAshlyi,83,294,1194,0,0,,en,,US,,,,http://a3.twimg.com/profile_images/303486331/120_normal.jpg,,,,,,,,,http://s.twimg.com/a/1288907344/images/themes/theme10/bg.gif,,,,,,,,,"Hip hop, Bake, Rollerskate, Chef ,Dance, Sing, Lover not a Fighter, Dildo Slanger, Erb smoker, I love to laugh.",,,1247062915000L,2009-07-08 16:21:55,2010-11-07 11:10:52,2016-03-14 17:07:25,83,0
162,165,165,54634998.0,Annie Lacy,AnniexaLacyi,83,409,1869,0,0,,en,,US,,,,http://a2.twimg.com/profile_images/302106798/740_normal.jpg,,,,,,,,,http://s.twimg.com/a/1288847101/images/themes/theme6/bg.gif,,,,,,,,,"it's Hermione, loves promoting musicians and Causes. JB, Honor Society, Push Play, Priscilla, and HP rule! no, duh! and I love the girls of KSM.  Jesus PONES",,,1246991577000L,2009-07-07 20:32:57,2010-11-07 11:10:52,2016-03-14 17:07:23,83,0
163,171,171,54890930.0,Karissa Marquise,KarissaqaMarqui,84,416,1866,0,0,,en,,US,,,,http://a2.twimg.com/profile_images/303406190/430_normal.jpg,,,,,,,,,http://s.twimg.com/a/1288305442/images/themes/theme1/bg.png,,,,,,,,,I'm just a lucky PR girl living my dream.,,,1247058894000L,2009-07-08 15:14:54,2010-11-07 11:10:52,2016-03-14 17:07:24,84,0
164,525,525,73533563.0,pete spencer,growingincome,84,56,97,0,0,http://bit.ly/4cc9x,en,,northern california,,,,http://a2.twimg.com/profile_images/410453250/pic-of-me_normal.jpg,,,,,,,,,http://s.twimg.com/a/1288374569/images/themes/theme2/bg.gif,,,,,,,,,I am a student in Northern California who wants to help people find out about Trump Network,,,1252717509000L,2009-09-12 03:05:09,2010-11-07 11:10:52,2016-03-14 17:09:08,84,0
165,678,678,87539145.0,Michael Jackson,darkedima,84,816,1878,1,5,http://gooble.freehostia.com/index.php,en,,usa,,,,http://a0.twimg.com/profile_images/509447368/6ukivlq0_normal.jpg,,,,,,,,,http://s.twimg.com/a/1288305442/images/themes/theme11/bg.gif,,,,,,,,,I am an internet man ,,,1257370579000L,2009-11-04 22:36:19,2010-11-07 11:10:52,2016-03-14 17:09:51,84,0
166,198,198,55256821.0,Jordon Hayden,JordonoaHaydeni,85,592,1695,0,1,,en,,US,,,,http://a3.twimg.com/profile_images/305321199/575_normal.jpg,,,,,,,,,http://s.twimg.com/a/1288305442/images/themes/theme8/bg.gif,,,,,,,,,Home exec with a hubby and 2 kiddies.  Loving life!,,,1247151187000L,2009-07-09 16:53:07,2010-11-07 11:10:52,2016-03-14 17:07:32,85,0
167,174,174,54951157.0,Julianna Madyson,JuliannacaMadyi,85,393,1471,0,1,,en,,US,,,,http://a1.twimg.com/profile_images/303689089/780_normal.jpg,,,,,,,,,http://s.twimg.com/a/1287523226/images/themes/theme6/bg.gif,,,,,,,,,"uhm, im Riz, no one i know has twitter sooo, this is lame, byeeebyebyebyebyebyeee",,,1247071531000L,2009-07-08 18:45:31,2010-11-07 11:10:52,2016-03-14 17:07:25,85,0
168,379,379,67380452.0,Nick Borg,NickBorg1,87,365,1936,0,7,,en,,,,,,http://a2.twimg.com/profile_images/372560194/nick_borg_normal.jpg,,,,,,,,,http://s.twimg.com/a/1288374569/images/themes/theme1/bg.png,,,,,,,,,I own a commercial construction business.,,,1250792012000L,2009-08-20 20:13:32,2010-11-07 11:10:52,2016-03-14 17:08:25,87,0
169,194,194,55207581.0,Jillian Wesley,JillianlaWeslei,88,402,1613,0,0,,en,,US,,,,http://a2.twimg.com/profile_images/305092042/541_normal.jpg,,,,,,,,,http://s.twimg.com/a/1288305442/images/themes/theme9/bg.gif,,,,,,,,,I do not know :D,,,1247138387000L,2009-07-09 13:19:47,2010-11-07 11:10:52,2016-03-14 17:07:31,88,0
170,201,201,55329745.0,Elyse Brionna,ElysekaBrionnai,88,485,1818,0,2,,en,,US,,,,http://a2.twimg.com/profile_images/305710662/423_normal.jpg,,,,,,,,,http://s.twimg.com/a/1288374569/images/themes/theme1/bg.png,,,,,,,,,I'm happy to discover that I can't sum up my life in one line. How cool is that?! ,,,1247166646000L,2009-07-09 21:10:46,2010-11-07 11:10:52,2016-03-14 17:07:33,88,0
171,199,199,55274536.0,Kaelyn Zakary,KaelyncaZakaryi,89,450,1849,0,2,,en,,US,,,,http://a1.twimg.com/profile_images/305415533/86_normal.jpg,,,,,,,,,http://s.twimg.com/a/1288305442/images/themes/theme8/bg.gif,,,,,,,,,I'm a college-educated mother and house-wife,,,1247155007000L,2009-07-09 17:56:47,2010-11-07 11:10:52,2016-03-14 17:07:33,89,0
172,734,734,97006046.0,Banda Kiss,bandakiss,90,876,2001,0,5,http://meadd.com/kiss4ever,en,,LA - EUA,,,,http://a2.twimg.com/profile_images/576046778/untitled-1_normal.gif,,,,,,,,,http://s.twimg.com/a/1288127445/images/themes/theme9/bg.gif,,,,,,,,,"Just a fan who does everything for his idols. Banda Kiss, you are the basis of my survival \u2665 I LOVE YOU",,,1260892548000L,2009-12-15 16:55:48,2010-11-07 11:10:52,2016-03-14 17:10:07,90,0
173,273,273,62938941.0,Billy Sharp,BillSharp10,91,436,976,0,0,http://www.trumpnetwork.com/billsharp,en,,Oklahoma,,,,http://a2.twimg.com/profile_images/372123966/poppa_w_sleeping_chloe_normal.jpg,,,,,,,,,http://s.twimg.com/a/1287774835/images/themes/theme4/bg.gif,,,,,,,,,"I love this little grandbaby, she is my first, and so cute.",,,1249422483000L,2009-08-04 23:48:03,2010-11-07 11:10:52,2016-03-14 17:07:55,91,0
174,169,169,54786968.0,Cade Irving,CadecaIrvingi,93,356,1211,0,0,,en,,US,,,,http://a1.twimg.com/profile_images/302892045/544_normal.jpg,,,,,,,,,http://s.twimg.com/a/1288305442/images/themes/theme5/bg.gif,,,,,,,,,Internet Storm Center Incident Handler,,,1247024443000L,2009-07-08 05:40:43,2010-11-07 11:10:52,2016-03-14 17:07:24,93,0
175,168,168,54784761.0,Haley Terrance,HaleylaTerranci,94,539,1639,0,2,,en,,US,,,,http://a1.twimg.com/profile_images/302878441/38_normal.jpg,,,,,,,,,http://s.twimg.com/a/1287774835/images/themes/theme10/bg.gif,,,,,,,,,well im 19 years old im a mother of a beautiful babygirl named ALIVIAH shes 2 1/2 I LOVE YOU BABY!!!,,,1247023879000L,2009-07-08 05:31:19,2010-11-07 11:10:52,2016-03-14 17:07:23,94,0
176,695,695,91162581.0,Lionel Jemhold,castironcooky,97,2097,1436,0,12,http://www.cast-iron-cook.com/,en,,Canada,,,,http://a0.twimg.com/profile_images/534550708/dutch_oven_with_handles_normal.jpg,,,,,,,,,http://a1.twimg.com/profile_background_images/54790148/12_inch_skillet.jpg,,,,,,,,,Cast Iron Cookware for this Cooky!,,,1258655755000L,2009-11-19 19:35:55,2010-11-07 11:10:52,2016-03-14 17:09:56,97,0
177,167,167,54671794.0,Emerson Cameron,EmersonhaCameri,97,518,1779,0,1,,en,,US,,,,http://a3.twimg.com/profile_images/302287647/471_normal.jpg,,,,,,,,,http://s.twimg.com/a/1288305442/images/themes/theme8/bg.gif,,,,,,,,,"Mom, Wife, Psych Nurse, Baby Clothing Designer Marital Artist/Kick Boxer Wine Lover &amp;amp; Entrepreneur",,,1246999842000L,2009-07-07 22:50:42,2010-11-07 11:10:52,2016-03-14 17:07:23,97,0
178,862,862,104277667.0,Nathalia Coutinho,nathaaliacoutin,110,986,1959,0,2,,en,,Brasil,,,,http://a3.twimg.com/profile_images/645379639/na_normal.jpg,,,,,,,,,http://a1.twimg.com/profile_background_images/68522918/folo.jpg,,,,,,,,,,,,1263331521000L,2010-01-12 22:25:21,2010-11-07 11:10:52,2016-03-14 17:10:45,110,0
179,218,218,57119153.0,Lara Phillips,richclub,113,319,656,0,1,http://www.browse4all.com,en,,,,,,http://a3.twimg.com/profile_images/316438959/blue_hills_normal.jpg,,,,,,,,,http://a3.twimg.com/profile_background_images/34876585/caribbean.jpg,,,,,,,,,make your dreams reality with richclub,,,1247687881000L,2009-07-15 21:58:01,2010-11-07 11:10:52,2016-03-14 17:07:38,113,0
180,33,33,34255057.0,Magickeywords,magickeywords,116,1322,1891,2,1,http://wefollow.com/magickeywords,en,,Everywhere,,,,http://a3.twimg.com/profile_images/182684983/banner_magic_co.uk_468_normal.jpg,,,,,,,,,http://a3.twimg.com/profile_background_images/11021309/banner_magic_co.uk_468.jpg,,,,,,,,,"Unique web site marketing tool, get seen, get heard, get real for twitter sites",,,1240402908000L,2009-04-22 14:21:48,2010-11-07 11:10:52,2016-03-14 17:06:47,116,0
181,41,41,38920016.0,Loans United States,personalloansUS,125,3826,4159,0,11,http://www.personal-loans-united-states.com/,en,,,,,,http://a2.twimg.com/profile_images/204756730/8_normal.jpg,,,,,,,,,http://a1.twimg.com/profile_background_images/12385504/us.jpg,,,,,,,,,"Personal loans information, great rates and more. Check us out at the link above.",,,1241900366000L,2009-05-09 22:19:26,2010-11-07 11:10:52,2016-03-14 17:06:05,125,0
182,727,727,96255054.0,Vampire Heart xD,_Vampire_Heart,127,833,1190,0,10,,en,,"Don't ask where, ask when",,,,http://a2.twimg.com/profile_images/571521914/windsor_2_normal.bmp,,,,,,,,,http://a1.twimg.com/profile_background_images/59363480/twin_spica_02.jpg,,,,,,,,,,,,1260584023000L,2009-12-12 03:13:43,2010-11-07 11:10:52,2016-03-14 17:10:06,127,0
183,649,649,84602929.0,A.J.Pokua,gr8africanquote,128,298,1105,0,9,http:// http://budurl.com/f8eq,en,,,,,,http://s.twimg.com/a/1288374569/images/default_profile_5_normal.png,,,,,,,,,http://s.twimg.com/a/1288470193/images/themes/theme5/bg.gif,,,,,,,,,"Here to bring all great african quotes to you from books, leaders,music and more ",,,1256307829000L,2009-10-23 16:23:49,2010-11-07 11:10:52,2016-03-14 17:09:43,128,0
184,705,705,92964993.0,Anok  Imchen,_EarnExtraMoney,143,12475,12131,0,91,http://bit.ly/dipyuo,en,,"Mumabi, India",,,,http://a3.twimg.com/profile_images/935068639/dragimage_copy_normal.jpg,,,,,,,,,http://s.twimg.com/a/1287010001/images/themes/theme1/bg.png,,,,,,,,,I'm a B.Tech Student\r\nI luv 2 explore things & have fun\r\ni luv earning extra money from web :)\r\n(PLEASE MAKE @ MENTIONS AFTER YOU FOLLOW ME),,,1259327103000L,2009-11-27 14:05:03,2010-11-07 11:10:52,2016-03-14 17:09:59,143,0
185,63,63,46043491.0,Jonathan,Creative_Money,145,976,1713,1,1,http://extracash2day.blogspot.com/,en,,"Raleigh, NC",,,,http://a0.twimg.com/profile_images/547341640/01-money-from-sky_normal.jpg,,,,,,,,,http://s.twimg.com/a/1288847101/images/themes/theme1/bg.png,,,,,,,,,Helping people to create money from nothing and then turning that money into more money.,,,1244610710000L,2009-06-10 07:11:50,2010-11-07 11:10:52,2016-03-14 17:06:54,145,0
186,54,54,43747581.0,Rodney Jones,rod315,146,570,1233,0,0,http://sarasotaford.com/twitter,en,,"Sarasota, FL USA",,,,http://s.twimg.com/a/1288374569/images/default_profile_3_normal.png,,,,,,,,,http://a1.twimg.com/profile_background_images/15843574/ford-shelby-cobra-concept-machine-shop-1600x1200.jpg,,,,,,,,,"Sales Manager at Sarasota Ford Super Center come and see us for your next Car, Truck or SUV also follow @SarasotaFord",,,1243801037000L,2009-05-31 22:17:17,2010-11-07 11:10:52,2016-03-14 17:06:50,146,0
187,19,19,23832142.0,Martin R. Dobbie,abetterlifenow,164,933,1191,2,1,http://www.martindobbie.topwealth1.com,en,,"Stettler, Alberta. Canada",,,,http://a2.twimg.com/profile_images/680902422/marty_for_posting_normal.jpg,,,,,,,,,http://s.twimg.com/a/1288374569/images/themes/theme1/bg.png,,,,,,,,,"Retired,Banjo Pick'in,Piano Play'in,Music Lov'in,Ham Radio Operator (VE6MCD) and Internet Marketing Entrepreneur, living the rest of my life to the fullest.",,,1236806337000L,2009-03-11 22:18:57,2010-11-07 11:10:52,2016-03-14 17:05:59,164,0
188,994,994,116644606.0,Dantony Donato,dantonyy,169,1357,2001,0,2,,en,,Brasil,,,,http://a2.twimg.com/profile_images/714642294/pato_donald_normal.jpg,,,,,,,,,http://a3.twimg.com/profile_background_images/77914223/01_1024.jpg,,,,,,,,,estreando twitter *-*,,,1266901020000L,2010-02-23 05:57:00,2010-11-07 11:10:52,2016-03-14 17:11:24,169,0
189,366,366,66812868.0,thais,taisantana,173,753,1900,0,2,,en,,,,,,http://a1.twimg.com/profile_images/369132881/eeu_normal.jpg,,,,,,,,,http://a3.twimg.com/profile_background_images/51831029/peacesign.png,,,,,,,,,,,,1250632137000L,2009-08-18 23:48:57,2010-11-07 11:10:52,2016-03-14 17:08:21,173,0
190,150,150,53792078.0,Maur\xedcio Gon\xe7alves,granavirtual,182,677,1975,2,10,http://www.granavirtual.com.br,en,,S\xe3o Paulo - SP - Brazil,,,,http://a0.twimg.com/profile_images/297572316/casal20_gohst_normal.jpg,,,,,,,,,http://s.twimg.com/a/1287774835/images/themes/theme15/bg.png,,,,,,,,,Sou Web Empreendedor tenho v\xe1rios sites trabalho com MMN PTC / Produtos Naturais Web Entrepreneur I have several sites working with MMN PTC / Natural Products,,,1246751774000L,2009-07-05 01:56:14,2010-11-07 11:10:52,2016-03-14 17:07:18,182,0
191,255,255,61885447.0,-' Juninhoo,mr_junioor,192,1428,1938,0,2,http://www.orkut.com.br/main#profile?uid=14961301398202316996,en,, S\xe3o Paulo ,,,,http://a1.twimg.com/profile_images/1151914961/hollister_normal.jpg,,,,,,,,,http://a3.twimg.com/profile_background_images/164875399/bkg.jpg,,,,,,,,,Feliz ' =),,,1249077498000L,2009-07-31 23:58:18,2010-11-07 11:10:52,2016-03-14 17:07:49,192,0
192,673,673,86979841.0,Samantha,team_lohan,201,305,834,0,0,,en,,,,,,http://a3.twimg.com/profile_images/504755531/lindsay-lohan_normal.jpg,,,,,,,,,http://s.twimg.com/a/1288742912/images/themes/theme11/bg.gif,,,,,,,,,"Lindsay Dee Lohan was born in New York City, on 2 July 1986",,,1257180905000L,2009-11-02 17:55:05,2010-11-07 11:10:52,2016-03-14 17:09:50,201,0
193,32,32,33608758.0,Thomas Maciel,ThomasMaciel,203,183,77,0,0,,en,,Capital-CE,,,,http://a1.twimg.com/profile_images/589606141/ogaaaopurhnuovjaxunhlptzg-bja2t7fxwtjjkqyovurf7djvswe44xvtkcvlxiwrshrpsa2a6nnan86hufvq0232uam1t1ufvsq9a-zomggknkn0kye8eayqhc_normal.jpg,,,,,,,,,http://a3.twimg.com/profile_background_images/69670795/untitled-1.jpg,,,,,,,,,Eu sou apenas um rapaz\nLatino-americano sem dinheiro no banco.\nE vindo do interior@,,,1240251799000L,2009-04-20 20:23:19,2010-11-07 11:10:52,2016-03-14 17:06:03,203,0
194,548,548,75266711.0,Full Movies,Full_Movies,214,1679,1745,0,14,http://www.w8movies.com,en,,,,,,http://s.twimg.com/a/1288305442/images/default_profile_2_normal.png,,,,,,,,,http://s.twimg.com/a/1288305442/images/themes/theme9/bg.gif,,,,,,,,,Watch Full Movies Online in High Quality,,,1253276613000L,2009-09-18 14:23:33,2010-11-07 11:10:52,2016-03-14 17:09:14,214,0
195,642,642,83538096.0,Farenova,farenova,215,1158,1545,0,21,http://www.farenova.com,en,,Malaya,,,,http://a0.twimg.com/profile_images/503959720/dsc08051-1_normal.jpg,,,,,,,,,http://a3.twimg.com/profile_background_images/75351457/background-twitter2.png,,,,,,,,,interface & face,,,1255933943000L,2009-10-19 08:32:23,2010-11-07 11:10:52,2016-03-14 17:09:41,215,0
196,659,659,86046764.0,Yasser Hilal Ahsan,YasserAhsan,216,27,129,0,0,,en,,Indonesia,,,,http://a3.twimg.com/profile_images/503534123/imag0169_normal.jpg,,,,,,,,,http://a1.twimg.com/profile_background_images/50054506/f_01f795b826.gif,,,,,,,,,just coffee with cigarette,,,1256816336000L,2009-10-29 12:38:56,2010-11-07 11:10:52,2016-03-14 17:09:46,216,0
197,536,536,74398201.0,magsumit,magsumi,241,1214,1825,262,9,http://mag-corp.com,en,,Delhi,,,,http://a2.twimg.com/profile_images/1119569886/123_normal.jpg,,,,,,,,,http://a1.twimg.com/profile_background_images/88062790/124.jpg,,,,,,,,,LIFE ISN'T ABOUT finding yourself Life is about CREATING YOURSELF,,,1253002458000L,2009-09-15 10:14:18,2010-11-07 11:10:52,2016-03-14 17:09:11,241,0
198,80,80,48959912.0,Clarence Smith13,Informer1,245,914,1949,2,4,,en,,Wisconsin USA,,,1.0,http://a0.twimg.com/profile_images/308026784/picture_4_daddy_normal.jpg,,,,,,,,,http://a1.twimg.com/profile_background_images/112664118/twitter-background-rosenbaum-stonehenge-n.jpg,,,,,,,,,"I am one that is in pursuit of the truth, knowledge and love , With a motivational desire to help others ;with the determination to know the truth ",,,1245485825000L,2009-06-20 10:17:05,2010-11-07 11:10:52,2016-03-14 17:06:59,245,0
199,667,667,86613061.0,Wallace Domingos,wallace007D,250,426,1833,0,3,,en,,,,,,http://s.twimg.com/a/1288470193/images/default_profile_3_normal.png,,,,,,,,,http://a1.twimg.com/profile_background_images/58498356/3ba0a3_1_1_.jpg,,,,,,,,,,,,1257027921000L,2009-10-31 23:25:21,2010-11-07 11:10:52,2016-03-14 17:09:48,250,0
200,687,687,89694639.0,William Nunes,RandPanda2,261,371,919,0,5,http://randdotpanda.blogspot.com/,en,,,,,,http://a2.twimg.com/profile_images/524696250/selopanda_normal.jpg,,,,,,,,,http://s.twimg.com/a/1288470193/images/themes/theme1/bg.png,,,,,,,,,,,,1258117617000L,2009-11-13 14:06:57,2010-11-07 11:10:52,2016-03-14 17:09:54,261,0
201,260,260,62143598.0,Jeferson ,jefersondr,274,958,1882,1,9,,en,,SC,,,,http://a1.twimg.com/profile_images/417871585/hmhjhjj_normal.jpg,,,,,,,,,http://a1.twimg.com/profile_background_images/49311252/ogaaafb2xw1mdegwnt26xhsdbs6ekx7gupnyomi_xw1lqoytj4li03abax0pu5tb5x17ruuebnewpe3m05wtqzb0onoam1t1undix8wdeydc3r9rqe63_miwh6rq.jpg,,,,,,,,,,,,1249169381000L,2009-08-02 01:29:41,2010-11-07 11:10:52,2016-03-14 17:07:51,274,0
202,643,643,83898153.0,thath\xe1\xe0h,thami_sz,275,1155,2001,1,9,,en,,,,,,http://a0.twimg.com/profile_images/643723104/dsc02569_normal.jpg,,,,,,,,,http://a1.twimg.com/profile_background_images/68040828/ogaaaijea-x8vsdoymmoh2w8wf-p20nuuwpwrp_jqge9wlrfux3hy7h8kij7pwbrfrpevvvqwhtr1u6uycj9dz5ta1uam1t1ulc4dn380igrwau6celimlliojqy.jpg,,,,,,,,,,,,1256063292000L,2009-10-20 20:28:12,2010-11-07 11:10:52,2016-03-14 17:09:41,275,0
203,232,232,58731168.0,rico ahmad statham,ricostatham,307,45,252,1,1,http://kecoaperkasa.blogspot.com/,en,,,,,,http://a1.twimg.com/profile_images/476420593/ocoy_normal.jpg,,,,,,,,,http://a3.twimg.com/profile_background_images/46093843/10808walls_gatomic560.jpg,,,,,,,,,,,,1248160139000L,2009-07-21 09:08:59,2010-11-07 11:10:52,2016-03-14 17:07:42,307,0
204,59,59,44698831.0,Body Trend,WeightLossT,309,1059,1310,0,0,http://over 20 free trial offers to test! http://bit.ly/3n8ysw,en,,,,,,http://a2.twimg.com/profile_images/249966990/3110841673_fc9d052cec_normal.jpg,,,,,,,,,http://s.twimg.com/a/1288470193/images/themes/theme1/bg.png,,,,,,,,,Over 20 free trial offers to test! http://bit.ly/3n8ysw,,,1244144284000L,2009-06-04 21:38:04,2010-11-07 11:10:52,2016-03-14 17:06:52,309,0
205,708,708,93262347.0,Hector Jayat,espeas2001,321,775,1936,6,6,http://www.hectorjayat.com,en,,Mexico,,,1.0,http://a0.twimg.com/profile_images/607004784/hj_normal.jpg,,,,,,,,,http://a3.twimg.com/profile_background_images/92284397/gdl3.jpg,,,,,,,,,37 years old\r\nmarried\r\nhave a 12 years old beautiful daugther\r\nVery positive\r\nLots of goals\r\npositive attitude,,,1259443520000L,2009-11-28 22:25:20,2010-11-07 11:10:52,2016-03-14 17:10:00,321,0
206,737,737,97077079.0,Johnson Diversey,JDTakeAction,340,1385,1881,0,43,http://bit.ly/jdaction,en,,Worldwide,,,,http://a2.twimg.com/profile_images/578059438/thumb2_normal.jpg,,,,,,,,,http://a1.twimg.com/profile_background_images/59996898/mqisthisheaven.br.jpg,,,,,,,,,Reducing your company's Greenhouse Gas emissions is good for the bottom line. Treat emissions as waste and implement a waste-reduction exercise. Save the Planet,,,1260916391000L,2009-12-15 23:33:11,2010-11-07 11:10:52,2016-03-14 17:10:08,340,0
207,6,6,14938781.0,modernadvantage,modernadvantage,347,1451,1618,1,7,http://www.web-biz-solutions.com/blog,en,,"Auburn, Al.",,,1.0,http://a2.twimg.com/profile_images/54788522/0000194372_normal.jpg,,,,,,,,,http://a1.twimg.com/profile_background_images/4029720/j11.jpg,,,,,,,,,"internet, travel, photography",,,1212017203000L,2008-05-29 01:26:43,2010-11-07 11:10:52,2016-03-14 17:05:55,347,0
208,570,570,76793185.0,Rolico,rolico12,379,960,1971,0,3,,en,,Botucatu,,,,http://a2.twimg.com/profile_images/447843198/imagem_normal.jpg,,,,,,,,,http://a1.twimg.com/profile_background_images/42809962/timao.jpg,,,,,,,,,official twiter of rolico...eh nois,,,1253748982000L,2009-09-24 01:36:22,2010-11-07 11:10:52,2016-03-14 17:09:20,379,0
209,818,818,103020806.0,Make Quick Money ,_MakeQuickMoney,395,11144,10533,0,56,http://moneyfieldforyou.blogspot..com?_makequickmoney,en,,Mumbai,,,,http://a3.twimg.com/profile_images/618297343/3-d111v_normal.jpg,,,,,,,,,http://s.twimg.com/a/1288305442/images/themes/theme1/bg.png,,,,,,,,,I'm a student and have been doing IM for the last 6 yrs. I've decided to help beginners to make quick money online. And i'd also like to get ur seggestions....,,,1262967032000L,2010-01-08 17:10:32,2010-11-07 11:10:52,2016-03-14 17:10:32,395,0
210,262,262,62349135.0,Billy Sharp,ready4cashnow,395,940,1102,2,1,http://www.trumpnetwork.com/billsharp,en,,Oklahoma,,,,http://a1.twimg.com/profile_images/348244441/bill___ginger_086_00_normal.jpg,,,,,,,,,http://a1.twimg.com/profile_background_images/27567094/bill___ginger_086_00.jpg,,,,,,,,,"I enjoy playing around online, have found a great site for my future, I love going to the lake and fishing.",,,1249246849000L,2009-08-02 23:00:49,2010-11-07 11:10:52,2016-03-14 17:07:51,395,0
211,624,624,81939329.0,FionaBondB,FionaBondB,431,5690,6419,0,33,http://moneyfieldforyou.blogspot.com/2010/01/fast-quick-free-backlinks-to-your-blog.html,en,,Mum,,,,http://a0.twimg.com/profile_images/467215280/bollywood_sargam_dot_com_hot_babes_keerti08_027_normal.jpg,,,,,,,,,http://s.twimg.com/a/1288305442/images/themes/theme1/bg.png,,,,,,,,,hmmm.....jdoing my graduation....Gonna complete next Year :),,,1255384751000L,2009-10-12 23:59:11,2010-11-07 11:10:52,2016-03-14 17:09:36,431,0
212,42,42,38962259.0,Jo\xe3o Fracisco I. L.,juaooO_F,452,992,1791,2,13,http://www.orkut.com.br/main#profile?uid=11316655552015069233&rl=t,en,,an\xe1polis//GO,,,,http://a2.twimg.com/profile_images/491374474/ogaaaclgrpykhyzfqjgkbtmloyjhui3fnuoskekhrm-puk8s9kafh7_tzuzq1rxbzdsp9pkt5ecwgq2h8x5fodg2cuqam1t1ucs1eqg3wk3lnnoov6-edsqkgdr4_normal.jpg,,,,,,,,,http://a3.twimg.com/profile_background_images/48272941/2294038070_7dfe27f4f8.jpg,,,,,,,,,own' .. bjomitwitta ;DD,,,1241916246000L,2009-05-10 02:44:06,2010-11-07 11:10:52,2016-03-14 17:06:06,452,0
213,15,15,20531552.0,Scott Newman,immasterminds,465,7511,8411,1,7,http://immasterminds.com,en,,"Southern, USA ",,,,http://a3.twimg.com/profile_images/348726923/followme_normal.png,,,,,,,,,http://a1.twimg.com/profile_background_images/27635254/seattleblue1.jpg,,,,,,,,,"Internet Marketing Masterminds, I'm an (EAR) Entrepreneurial Artistic Realist, Love to share ideas and awesome products",,,1234289703000L,2009-02-10 19:15:03,2010-11-07 11:10:52,2016-03-14 17:05:58,465,0
214,607,607,80083930.0,wilcharlison,nascimentowil,466,1027,1965,0,6,http://meadd.com/wilnascimento,en,,,,,,http://a2.twimg.com/profile_images/710306414/ogaaaadqqvzxzuzpiw0ojraync5akhyhxzd0eyogekpemuyr8gtah2anunlkd1owvlr9bkqkw3gfrd1mf5djbxv6rbmam1t1uaqlowxi1zpzhotl-cmwnf7nsxd4_normal.jpg,,,,,,,,,http://a3.twimg.com/profile_background_images/75280967/xe2c9e20bd86d986e722767ecdb131a4.png,,,,,,,,,,,,1254765319000L,2009-10-05 19:55:19,2010-11-07 11:10:52,2016-03-14 17:09:31,466,0
215,110,110,50346336.0,Caroline Lopes,Caah_Lopes,501,1248,1187,0,4,,en,,Perubas Citty,,,,http://a1.twimg.com/profile_images/567934349/ogaaandrfx7wbqgr2p_q-l9msuseauijyb-ctxjsh3jpshn4dhetf4rsmsgpqootlp09hpqky-cdt-wiw8a99yn6vkeam1t1ubnh6q93r04a042ehfxhy8vs14wf_normal.jpg,,,,,,,,,http://s.twimg.com/a/1287523226/images/themes/theme3/bg.gif,,,,,,,,,,,,1245859547000L,2009-06-24 18:05:47,2010-11-07 11:10:52,2016-03-14 17:07:07,501,0
216,7,7,15528595.0,youtubepixel,youtubepixel,562,891,1643,1,1,http://www.youtubepixel.com,en,,London,,,,http://a2.twimg.com/profile_images/273210946/cat_pic_normal.jpg,,,,,,,,,http://s.twimg.com/a/1287010001/images/themes/theme1/bg.png,,,,,,,,,"my name is eddie-i  enjoy videos, internet, social networking and entertainment",,,1216718943000L,2008-07-22 11:29:03,2010-11-07 11:10:52,2016-03-14 17:05:56,562,0
217,23,23,28219482.0,Alberto Uhart,GoldenyLion,669,1657,1970,4,2,http://myhomebusiness.site50.net/,en,,"Brasilia, Brazil",,,,http://a1.twimg.com/profile_images/391400457/twitterprofilephoto_normal.jpg,,,,,,,,,http://a3.twimg.com/profile_background_images/12986033/11199_background.jpg,,,,,,,,,,,,1238626640000L,2009-04-02 00:57:20,2010-11-07 11:10:52,2016-03-14 17:06:00,669,0
218,29,29,30998590.0,"Daniel Bruno, CMT",daniel_bruno,677,8020,8714,2,22,http://www.fxboss.info,en,,London,,,,http://a0.twimg.com/profile_images/701877936/bruno_model_1_normal.jpg,,,,,,,,,http://a1.twimg.com/profile_background_images/88065356/xe3e2b4d139b45c015ff29b262c775a6.jpg,,,,,,,,,Chartered Market Technician. ,,,1239667161000L,2009-04-14 01:59:21,2010-11-07 11:10:52,2016-03-14 17:06:02,677,0
219,272,272,62643392.0,Diana Rickett,Teamwork_r_us,687,1475,1928,0,5,http://makingmoneyprogressthroughmktgtools.blogspot.com/,en,,United States,,,,http://a0.twimg.com/profile_images/848089604/me_april_2010_normal.jpg,,,,,,,,,http://a1.twimg.com/profile_background_images/27343324/teamwork.jpg,,,,,,,,,Get the tools to give YOU the edge in marketing.,,,1249339395000L,2009-08-04 00:43:15,2010-11-07 11:10:52,2016-03-14 17:07:54,687,0
220,558,558,75662386.0,Thais Leal,thaiisleal,756,1817,2438,2,14,,en,,Rio de Janeiro -Rj,,,,http://a1.twimg.com/profile_images/583767001/ddd_normal.jpg,,,,,,,,,http://a1.twimg.com/profile_background_images/40332598/6.jpg,,,,,,,,,"So praieira , so guerreira, to solteira e so quero mais seguidores \xf5/",,,1253400757000L,2009-09-20 00:52:37,2010-11-07 11:10:52,2016-03-14 17:09:17,756,0
221,271,271,62637115.0,Diana,Rockonhighroad,769,1123,1884,0,4,http://makingmoneyprogressthroughmktgtools.blogspot.com/,en,,United States,,,,http://a2.twimg.com/profile_images/848082538/me_april_2010_normal.jpg,,,,,,,,,http://a1.twimg.com/profile_background_images/27329976/fireworks.jpg,,,,,,,,,Get the tools to give YOU the edge in marketing.,,,1249337733000L,2009-08-04 00:15:33,2010-11-07 11:10:52,2016-03-14 17:07:54,769,0
222,1,1,7732472.0,Daniel Wagner,DanielWagner,770,3274,3595,8,22,http://www.yourinternetbuddies.com/go,en,,UK,,,,http://a3.twimg.com/profile_images/719249843/dan-square-crop_normal.png,,,,,,,,,http://a3.twimg.com/profile_background_images/79862973/dan-bw.jpg,,,,,,,,,I am an internet marketing coach and mentor who can help you succeed making money online,,,1185440851000L,2007-07-26 11:07:31,2010-11-07 11:10:52,2016-03-14 17:05:54,770,0
223,37,37,36878978.0,Weight Loss Advice,frankly_scarlet,806,2782,2063,0,34,,en,,,,,,http://a0.twimg.com/profile_images/199889540/bicep_normal.gif,,,,,,,,,http://s.twimg.com/a/1288217225/images/themes/theme9/bg.gif,,,,,,,,,,,,1241150931000L,2009-05-01 06:08:51,2010-11-07 11:10:52,2016-03-14 17:06:04,806,0
224,2,2,9524952.0,Andrew Lock,Andrewlock,1100,38849,34504,41,1014,http://www.helpmybusiness.com,en,,Planet Earth,,,,http://a3.twimg.com/profile_images/516987291/bright_idea_normal.jpg,,,,,,,,,http://s.twimg.com/a/1288305442/images/themes/theme1/bg.png,,,,,,,,,"Marketing Geek & Presenter of 'Help! My Business Sucks!' Web TV Show (www.HelpMyBusiness.com), I'm a self confessed Cola Bottle Addict (but I can stop anytime) ",,,1192725360000L,2007-10-18 18:36:00,2010-11-07 11:10:52,2016-03-14 17:05:54,1100,0
225,0,0,7248952.0,Bhuvan Chand,tarunkjuyal,1259,837,1978,3200,9,http://lifeofearth.org,en,,Berekely,,,,http://a1.twimg.com/profile_images/53905961/stuntdbl_normal.jpg,,,,,,,,,http://s.twimg.com/a/1288374569/images/themes/theme4/bg.gif,,,,,,,,,Love Your Life,,,1183552203000L,2007-07-04 14:30:03,2010-11-07 11:10:52,2016-03-14 17:05:53,1259,0
226,14,14,20338242.0,Dan,milehighpeople,2394,3947,3944,100,113,http://www.milehighpeople.com,en,,Denver,,,1.0,http://a3.twimg.com/profile_images/1106353559/flower_normal.jpg,,,,,,,,,http://a3.twimg.com/profile_background_images/160476115/blue_sky_with_clouds.jpg,,,,,,,,,"News, Entertainment & Sports with a progressive viewpoint from Denver. Follow me & I will follow back.",,,1234046205000L,2009-02-07 23:36:45,2010-11-07 11:10:52,2016-03-14 17:06:46,1336,0
227,67,67,46810284.0,Gilliarde Silva,giihGunner,1455,10500,11478,2,22,http://www.orkut.com.br/main#profile,en,,Tavares-RS,,,,http://a1.twimg.com/profile_images/910789921/ogaaamdbadfyo9fo5xjqxijarxizh2v1zl9vy8vrexkbprrk6s2lp9jwrmaq9hwznlyu7x-1x-ank-tmgajuqpld-aeam1t1un8upx25gs0hto_qvob0jcbwohlq_normal.jpg,,,,,,,,,http://a3.twimg.com/profile_background_images/136528567/dsc00081i.jpg,,,,,,,,,Chinese Democracy World Tour 16/03/2010 POA EU FUI :DD \\o/,,,1244861639000L,2009-06-13 04:53:59,2010-11-07 11:10:52,2016-03-14 17:06:55,1455,0
228,13,13,19581787.0,Christopher M Vivace,CLdominator,1694,8993,10228,0,4,http://www.blogtalkradio.com/christophervivace,en,,Houston TX,,,,http://a0.twimg.com/profile_images/73594340/chris_pic_normal.jpg,,,,,,,,,http://s.twimg.com/a/1287010001/images/themes/theme16/bg.gif,,,,,,,,, inspiring the world through web 2.0 and spiritual intergration ,,,1233042075000L,2009-01-27 08:41:15,2010-11-07 11:10:52,2016-03-14 17:05:57,1694,0
229,75,75,47929648.0,Steven Howard,PRS_Safety,1703,589,1963,0,6,http://www.healthandsafetypolicy.info,en,,Nottingham,,,,http://a3.twimg.com/profile_images/266889335/prs_normal.png,,,,,,,,,http://s.twimg.com/a/1288305442/images/themes/theme1/bg.png,,,,,,,,,,,,1245237866000L,2009-06-17 13:24:26,2010-11-07 11:10:52,2016-03-14 17:06:57,1703,0
230,719,719,95045457.0,zolOzolO,MaFiaVza,2223,856,1984,0,4,http://www.xn--12cl8beabbk2fh9c2a7b1d4be9ppfbf.com,en,,USA,,,1.0,http://a1.twimg.com/profile_images/582868401/1-dsc0066u_normal.jpg,,,,,,,,,http://a3.twimg.com/profile_background_images/59132377/untitled-3.jpg,,,,,,,,,Selling products and services over the Internet,,,1260123655000L,2009-12-06 19:20:55,2010-11-07 11:10:52,2016-03-14 17:10:03,2221,0
231,5,5,14826060.0,"Ron Smalley, MD(ret)",ABetterBiz,2467,3421,3575,0,19,http://abetterbiz.com,en,,Colorado - USA,,,1.0,http://a2.twimg.com/profile_images/863428642/ron_smalley__md__ret__normal.jpg,,,,,,,,,http://a1.twimg.com/profile_background_images/136589098/x65d451a156f9a88b42fc15400a47390.png,,,,,,,,,We seriously help people make money online the simple easy way with a dynamic program: http://abetterbiz.com for some interesting facts. ,,,1211155018000L,2008-05-19 01:56:58,2010-11-07 11:10:52,2016-03-14 17:05:55,2467,0
232,9,9,16733141.0,Venture Hype,venturehype,2511,12049,12263,0,212,http://venturehype.com,en,,,,,,http://a3.twimg.com/profile_images/101316499/vh_logo_normal.jpg,,,,,,,,,http://a1.twimg.com/profile_background_images/6039550/vh_logo_tag2.jpg,,,,,,,,,"Learning exchange for aspiring and motivated angel investors. Learn from sophisticated angels and profit from promising startups. Updates by Joey, Randy & Evita",,,1223956217000L,2008-10-14 05:50:17,2010-11-07 11:10:52,2016-03-14 17:06:46,2511,0
233,122,122,51872114.0,c johnson,SpareTimeWealth,2644,3539,3644,0,4,http://bit.ly/4qcluu,en,,Phoenix,,,,http://s.twimg.com/a/1288374569/images/default_profile_0_normal.png,,,,,,,,,http://s.twimg.com/a/1288374569/images/themes/theme1/bg.png,,,,,,,,,Don't Be The Problem - Be The Solution,,,1246229484000L,2009-06-29 00:51:24,2010-11-07 11:10:52,2016-03-14 17:07:10,2644,0
234,164,164,54353595.0,Tony Max,WhosMax,3803,2061,2275,0,8,http://bit.ly/akgjrf,en,,Reading in bed,,,,http://a0.twimg.com/profile_images/300633340/images_normal.jpg,,,,,,,,,http://s.twimg.com/a/1288374569/images/themes/theme1/bg.png,,,,,,,,,We support Leader Dogs!  Make sure to check our site and donate today! :),,,1246918861000L,2009-07-07 00:21:01,2010-11-07 11:10:52,2016-03-14 17:07:22,3200,0
235,119,119,51571349.0,Simply Hawaiian,Simplyhwn,6713,1819,1887,2,41,http://simplyhwn.com,en,,"Island of Gardena, CA",,,1.0,http://a1.twimg.com/profile_images/286068033/2400015866_427654b47f_normal.jpg,,,,,,,,,http://a1.twimg.com/profile_background_images/70365646/lauhala-mat.gif,,,,,,,,,"Our website is being redone right now :( click on simplyhwn.com and sign up on our email list to get a festival schedule. Mahalo! Tshirts, hats, stickers & more",,,1246140520000L,2009-06-28 00:08:40,2010-11-07 11:10:52,2016-03-14 17:07:10,3200,0
236,466,466,69744581.0,Boss Free 4 Me,nomoredayjob,4156,4011,4403,0,13,,en,,Cebu City,,,,http://a1.twimg.com/profile_images/405755537/nomoredayjoblogo_normal.jpg,,,,,,,,,http://a3.twimg.com/profile_background_images/34972733/nomoredayjob.jpg,,,,,,,,,"I am a Christian, Mother, Wife, and Entrepreneur. I love to help others become financially free. I only work Win-Win. Find freedom from your day job here. ",,,1251507549000L,2009-08-29 02:59:09,2010-11-07 11:10:52,2016-03-14 17:08:50,3200,0
237,584,584,78952944.0,Augusto N.,Augusto_Niit,17563,40368,30128,8,2858,http://humor-ilimitado.blogspot.com/,en,,Niteroi | Rio de Janeiro.,,,,http://a2.twimg.com/profile_images/1111695618/augustonnn_normal.jpg,,,,,,,,,http://a3.twimg.com/profile_background_images/140236035/augusto2.jpg,,,,,,,,,Visitei: http://humor-ilimitado.blogspot.com/,,,1254416856000L,2009-10-01 19:07:36,2010-11-07 11:10:52,2016-03-14 17:09:24,3200,0
238,996,996,117281140.0,Affiliate Clickbank ,cb4you,4554,500,495,0,2,http://affiliate.clickbank4-you.com,en,,http://clickbank4-you.com,,,,http://a3.twimg.com/profile_images/716863135/1010494_info_icon_2_normal.jpg,,,,,,,,,http://s.twimg.com/a/1287010001/images/themes/theme1/bg.png,,,,,,,,,"Affiliate.clickbank4-you is your best Clickbank help. If you want to become the best and wealthy affiliate, we  are your unique choice",,,1267067845000L,2010-02-25 04:17:25,2010-11-07 11:10:52,2016-03-14 17:11:25,3200,0
239,139,139,52996113.0,Mike Rose,ViralListBuilda,3401,5488,5321,21,25,http://twitpwr.com/twitterlistbuilder/,en,,"List Building, CyberSpace",,,,http://a2.twimg.com/profile_images/369947614/bloggers_normal.jpg,,,,,,,,,http://a3.twimg.com/profile_background_images/31619915/code.jpg,,,,,,,,,"How to grab laser-targeted Tweeters, on auto-pilot 24/7? TwitterListBuilder is Viral-Fast, White-Hat: & FREE",,,1246517665000L,2009-07-02 08:54:25,2010-11-07 11:10:52,2016-03-14 17:07:15,3200,0
240,3,3,10788822.0,Tim Thompson,yourinsaneworld,6497,5902,5496,0,82,http://investing-information.com,en,,"Houston, TX",,,,http://a3.twimg.com/profile_images/200984855/tim_thompson_normal.jpg,,,,,,,,,http://s.twimg.com/a/1288039940/images/themes/theme7/bg.gif,,,,,,,,,I am a member of a network of stock investing educators. Check out more stock tips & resources on investing-information.com.,,,1196614406000L,2007-12-02 17:53:26,2010-11-07 11:10:52,2016-03-14 17:05:54,3200,0
